"observation","x0","x1","x2","x3","x4","x5","y"
1,1,2.32397466475577,-1.35477144284442,1.12905204501723,-0.483049456258164,0.93825245034466,3
2,1,0.216977104874847,1.80394063407672,0.368031578200944,-2.21634416326621,-0.547360678210983,1
3,1,0.418192678324387,0.128859761685366,0.177661500892589,-0.0694296892165136,-0.129369589381102,1
4,1,-0.190992825599111,-0.328694800579778,-0.0895973920305474,0.987767726732567,1.14413649212148,3
5,1,-0.314838396617487,0.643522366303203,-0.438017498756785,0.278192413097991,1.48149507890797,3
6,1,-0.647858122031647,0.0146624550587126,-0.722458338913594,-1.12679925839168,-3.33764450615385,2
7,1,-0.756703387124526,0.207937665753228,-0.203746197440472,0.730277840054677,0.0500608587554843,3
8,1,1.22775750067138,1.38074907924374,1.17127934164544,-0.888479386192351,0.160366304574078,1
9,1,-0.1779566656765,2.1130802721394,-0.391778896933244,0.356650533864017,-0.695466809549579,3
10,1,0.0312749716614883,0.505982063495278,-1.27075912856347,0.460771359414268,0.574423319154877,3
11,1,-1.13662800551025,1.37570523280203,1.55447962204701,0.346829848626714,-0.134704251857467,2
12,1,-0.988575327697984,-0.667284903973921,-0.359049943276529,0.875995195383675,0.999167747326258,3
13,1,-0.311487557007357,-0.600468031766948,-0.109383149688977,-1.50838373878552,0.174365064175329,1
14,1,-1.29654042368262,-0.557475908693522,-0.368751905718946,-0.392319350453468,0.897758838782865,1
15,1,-0.94569102577549,0.306820791489076,0.939385471963007,-0.789241765496341,-0.725844342274638,1
16,1,0.183921629161449,-0.108450934819149,0.904223243196813,-0.647642196782375,0.938862255643473,1
17,1,-0.2920561321823,0.508826199965841,1.5860559133991,1.07015053328576,-1.38278034840231,2
18,1,0.130639031098926,-0.771217377051086,-0.646757626708933,1.30311583589849,1.08166675020936,3
19,1,0.105162956651216,-1.95283910654254,2.19688672449325,-1.06597751456356,0.0594036641276867,2
20,1,0.517127715520945,0.640667076187873,0.113128236467222,0.00522358468345207,-0.231002336773195,3
21,1,-0.0687605240651436,-1.35333972186143,-0.6659032588306,0.224529944910191,0.734304717257118,3
22,1,0.0659214775806681,1.91315145441135,0.302995402243504,0.198297520223947,0.0939041798847036,3
23,1,1.83103251135952,0.421088723035831,-1.78993420208934,2.43008682975429,-0.282457012893738,3
24,1,-0.650812516702393,-0.0402476492906878,1.0605401362242,-2.14461622888407,-0.154572960361512,1
25,1,-0.895101289751131,1.19684734666689,-0.149359185832499,1.08683546957154,-0.709147726195082,3
26,1,-1.5595203532183,0.408864975295051,-1.38195886326177,0.9239988742991,1.06655019493765,3
27,1,0.35036932645005,1.00134929170949,-1.62276598953296,-1.11859773804635,1.06939794078321,1
28,1,0.419068917014044,0.018620937934294,-1.82370225663023,0.941212376086978,-1.22196394957205,3
29,1,-0.295122432125856,-0.509980382624583,-0.34806567388594,-1.16319564569422,-0.155664804319104,1
30,1,-1.52427752457095,0.578136171714939,-1.82264173272428,0.851476583492485,0.5305453054188,3
31,1,1.87062664005533,-0.568758646104164,1.62214735159214,-1.17480008593519,0.249085051184123,1
32,1,0.897034939457257,0.312631316579208,0.505395837377202,0.335285927899065,-0.364797265111389,3
33,1,-0.353995714310797,0.10396835147479,0.636935713778586,-0.124438632106392,0.188677503814203,1
34,1,0.586642709844623,0.497734207137698,1.26512031760876,-1.38954336980567,0.783078600684541,1
35,1,-1.01518247941969,0.209402244600443,1.91582412295271,1.60256036309239,-2.14069913886528,2
36,1,2.36738280058402,-0.753015690798238,1.15598992096198,0.598149671900309,0.422124454769895,3
37,1,-0.401164294828079,-1.07154071543105,0.432728470444437,0.686773549397313,-1.01011777407577,2
38,1,1.270899915988,0.712827688976748,1.67107252551588,0.574925444776565,0.671415445711222,3
39,1,0.0795195413392892,0.88229620702385,-1.10029600120054,-0.127542995519255,2.5965428843227,3
40,1,-0.626564029377926,0.244263532472992,-1.57093393126906,-0.690503926805974,-0.909207381062673,1
41,1,-0.598865815759483,-1.39146938826566,-1.33528608222558,1.48837243346601,0.54041407421853,3
42,1,-1.67067837127038,-2.12849935954889,1.35653833073782,0.337419020773918,0.36129164685053,2
43,1,1.49014313285449,0.5538208400815,-0.11434893412161,1.1215616441053,0.741630111356842,3
44,1,-0.525674104496963,-0.0425516566643335,0.937754601708137,0.684449182731801,-0.291252962368976,2
45,1,0.358770289979044,0.400283907779275,-0.210847117044249,-1.21265849312224,1.88058413207844,1
46,1,-0.28952628049199,-0.341616180338704,0.447988125644606,-0.0408933591500062,-1.81662990884285,2
47,1,-1.02076755736827,0.45346782744792,-0.566636474860897,1.07529792178033,0.632259328609654,3
48,1,-0.0859316903372676,-0.373890864839578,0.769425471770457,-0.25489204420891,0.0169042164556374,2
49,1,-1.6996856268168,-0.258806525041718,-0.313494526598637,-0.665379265163542,1.05770379128385,1
50,1,-0.0733521950019247,-1.73467376404619,-0.783481004690183,-1.59720036239032,-0.429174541073747,1
51,1,-0.643431373562802,0.0170463715560772,1.87105616526409,1.29829070848671,0.857011770980208,3
52,1,-0.44489984703791,1.18295075563099,0.428378945561535,-1.71011946149496,1.13826674044214,1
53,1,-0.788006661099241,0.719400889893762,-0.654755746733233,-0.516109696086118,-0.438688607190004,1
54,1,1.57435609627244,0.189895803562679,-0.638571307212632,-0.458115320375463,0.483854794702704,3
55,1,0.297947989232484,0.583960905571951,-0.745494736048802,-0.25290240845402,1.3192514090402,3
56,1,1.34527395182416,2.01125131924407,0.400493306728382,-0.903687629043888,1.71983617045569,1
57,1,0.580694822675737,-0.665733186202703,-1.43712289718074,-1.10345684077232,0.812027792024025,3
58,1,0.424320134397757,0.00269497435032803,0.252441383622697,-0.637017356920944,-0.556617313564691,3
59,1,-0.858952661462071,-0.86326728893014,1.04449263696117,-0.358139402409435,0.94364983530221,1
60,1,1.57390735774165,-1.9804579673346,1.64072881026683,0.871815870192754,1.93174478038232,3
61,1,-0.154212610611002,0.365714198563721,-0.423964193467036,-0.768828057698083,-1.11558017983967,1
62,1,-1.16356823202601,-1.49033146012468,-0.389258503572554,1.64112025943571,-0.286304905993221,3
63,1,-0.254599398970199,-1.24908755236125,-1.67950439897351,-0.135002579250454,1.93796002189741,3
64,1,0.239223632020913,0.411891411792238,-0.512028955480769,0.620583682965983,1.66783226416236,3
65,1,-1.09025373120027,0.554564444223941,0.904690793748046,-1.40326288718865,0.196185061012391,1
66,1,-0.430368872847245,-0.322896043723894,1.04550817152813,0.478660261327879,1.43651174857169,3
67,1,-0.660806114878531,0.165285247514708,-1.78018390929486,0.419616156133621,0.830323248087028,3
68,1,-1.0681735248507,-0.2560463372987,0.360247379992464,-1.84587973008144,-1.160459302551,1
69,1,-0.509726048690117,-0.943489609784138,1.80279166833335,0.233162132464655,-0.556443719095447,2
70,1,-2.07047369563011,-0.496140436252084,0.262947270428903,1.00580736325569,0.0836801029062125,2
71,1,-0.380009149964216,0.0792095682937211,-0.83223989182425,0.438740765307151,-2.19706432984044,2
72,1,-0.677870693758643,-0.841974181791974,0.820770478487884,0.843202924860238,0.218128730796745,3
73,1,0.322216568418827,0.372304422084949,-1.38062114962491,0.509784675309343,-0.0162499679915479,3
74,1,0.961089116517613,-2.61177278980351,1.07762713563381,-1.66262189590719,-0.0110118226434324,1
75,1,-0.0313891737518259,-0.379456410252557,-0.288392225172324,0.477587196630179,-0.0294432548572619,3
76,1,0.366598197893194,-1.29008758069806,-1.51740773621953,1.35778785179753,0.161656280683717,3
77,1,1.78068249295261,-0.103560982736833,0.641951659640783,0.651440823744958,-1.28025666554284,2
78,1,1.55902825424079,-0.634253971282914,0.449231199632851,-0.0612463264683545,0.792207095793833,3
79,1,1.09612722935626,0.849882922093634,-1.01319391189465,1.00621370198985,0.00251841630143656,3
80,1,-0.925414873805424,-1.35934351053127,1.14509565461317,-0.202655432081545,0.858147414408181,1
81,1,1.31358277638652,-1.27470631712407,-0.281569452083464,1.07572444354338,-1.17127565414946,2
82,1,-0.154953450975968,-0.390561778374352,-0.857546453052829,-0.976885430030838,-0.304446349784317,1
83,1,-2.00447275007933,-0.305168288013643,-1.31831842761874,-1.19640259209468,-2.45412873763594,1
84,1,-0.880725492456566,2.30931593914759,0.983270677821877,-1.43885004657356,-2.15391001523597,1
85,1,0.676459047179575,-1.3812094593085,2.82102125119484,1.50149096727521,1.03454575234536,3
86,1,0.12738325744169,-0.153503312382614,0.23801798282173,-0.157454990370361,-0.767351177645529,2
87,1,0.739717561143458,0.726437390139071,0.97032705189558,0.339924344020876,0.29150358239079,3
88,1,0.950498817604494,0.865639928029643,-1.67084753707391,0.969276432953406,0.879312473394648,3
89,1,-0.100413300514826,-0.879800249130881,1.37368531214161,-0.991529898997433,-0.500103896987134,1
90,1,1.19043966223527,-0.639622763811439,0.755778184783482,-1.04712690226611,0.140770039486724,3
91,1,0.393194356432716,-0.115830630031003,2.34618217309214,0.879874053677226,-1.30633219718725,2
92,1,-1.09753391922944,-0.338491732751825,-0.26588615883357,-0.12594035133187,-0.0432648802492996,1
93,1,1.47133538580596,0.208697002150125,-0.15173289634102,-1.29111513293032,-1.46152586559201,1
94,1,0.965221000521352,0.160136774635954,0.153170119762299,0.187024537824959,-0.301056266586594,3
95,1,0.475440535706559,0.635921493965787,0.364225578328904,-0.420430222800563,0.606436392871817,3
96,1,0.382231181880949,-0.655791483181049,0.386999677691793,-0.845470117019903,-0.721519276972144,2
97,1,0.992072232383419,-0.54092143245156,0.0483434048990141,0.308777579139304,-0.0429770879373747,3
98,1,1.30554268387029,-0.461182142051054,-0.231924889612032,0.243284866357056,1.00696966978812,3
99,1,-0.26035506111566,-0.145151280909397,0.215546573243561,-0.226842588762051,-0.602721354063618,2
100,1,1.24370555946755,0.973918201302295,0.217858291869429,-1.57662856297455,0.0224524205661848,1
101,1,-0.775689396962604,0.369584654029183,-0.915146097027728,-0.102849217850273,0.0131402767087539,3
102,1,-0.123550435136696,-0.186890261631755,-1.26268116621666,0.0204859490028845,0.719101323502254,3
103,1,0.166493163987485,-0.252308814325379,-0.188193564014726,1.56346080359994,-1.11087764640272,3
104,1,0.559726317394708,1.23883644386388,-0.740123506132919,1.11967450686441,1.26085562448701,3
105,1,0.0746539188514303,-2.11683681523993,2.70753781962378,0.727533707548792,0.234967973155772,2
106,1,1.08783924603879,-1.40331796997957,-0.962656117597879,-2.81287099701244,-0.195422876853954,1
107,1,1.05913464855944,-0.751115402799069,0.0615271383142913,0.0325380075300872,-0.167470854289919,3
108,1,-0.0373198299176354,0.257809979676551,-0.782572649150519,-1.63392006097513,1.0875346957564,1
109,1,-0.8367843548598,0.0801580559275126,-0.902567978593709,-0.287100204231268,-0.529800764377657,1
110,1,-0.413859380311982,0.554468110262714,0.315663355124228,-0.267299571134151,-1.05963079158066,1
111,1,0.571678852361113,1.70600383202713,-0.301482176500429,-0.784718281157429,-0.551893854556866,1
112,1,-0.0107365233981739,1.61248493830156,-0.242238890660644,-1.67416376563653,0.983279249835404,1
113,1,-0.065289560918437,-0.456255783079233,-1.091555752869,-0.178224669128842,0.157791764978677,3
114,1,0.968753261681665,-0.404324478951418,1.22046208255627,-0.669937091277213,1.41798960471146,1
115,1,-0.987846428740318,0.307136807297639,0.628505746336272,1.9661340927335,-0.373091317965118,3
116,1,-1.50718286278592,0.321272636435927,-0.538795918754093,-0.0148685800375775,-0.843666614074977,1
117,1,-2.50629515477726,-0.330785902733473,1.14774585904699,0.254090113567874,-1.33533024428451,2
118,1,0.0854661644236058,-1.12920450737714,0.677148960099829,-1.0835831775755,1.16007191573287,1
119,1,-0.24712874069644,0.522972933998437,0.098813418250604,-1.40493109641284,1.20111239098166,1
120,1,1.30611276752879,0.3461848216873,-1.30770667041195,0.984538251244214,0.747710586780236,3
121,1,0.521884799803754,2.30594857920406,0.811195820905361,0.361613649138851,-0.149563963355793,3
122,1,-0.432808586165363,-1.0707761363792,-2.06540580932594,-0.120947097482861,0.326546911206772,3
123,1,-1.22767774441893,-0.924464756038826,0.412681587688798,-2.40115892367287,-1.02294494145379,1
124,1,0.477626127895774,-0.0563953053744278,-0.221185176126425,-0.0592075116229129,-1.07202720217059,3
125,1,1.3004633713126,1.36495344930195,1.27382910724083,-1.20228054040346,-0.166115049871038,1
126,1,-1.05833635193188,1.40061309301835,1.70440036542769,-0.114081674699183,0.223169493302566,1
127,1,-0.474270543496771,-1.70263789898646,-0.917817303120158,0.43822753946456,-0.860221938780315,2
128,1,0.29158449047589,0.676724627854397,-1.50025217242335,0.432276543029648,-1.14672990671286,3
129,1,0.414858219136303,-0.143703384250932,0.805209276140683,1.68427020355392,-0.192290874210895,3
130,1,-0.929502709465552,0.271079982249581,0.356688556763917,0.24553981289824,-0.536306750795428,2
131,1,-0.916461014893023,0.496124218321996,-0.754133938133437,-1.36744781199758,-1.23832393545572,1
132,1,-1.6830985423482,0.832992364311954,-0.558264038156023,-0.0320152500001259,0.592967843229554,1
133,1,1.873838871478,0.0119727609807439,-0.342354887608932,0.506527326537522,-1.56856032443065,3
134,1,0.647506708621387,-1.36713500431861,0.5026781000491,1.59887204523733,-0.548136458753849,3
135,1,1.00097989985199,0.589080422875241,0.0706862254082001,0.15807121708915,-1.22307406311596,2
136,1,-1.95503617293824,-0.303333217902247,-0.617207834023325,-1.20186675176693,0.665825715492072,1
137,1,1.83991921462349,1.27054041352276,2.12381952526454,-0.422349061845061,-1.20154359434188,2
138,1,0.852507703359946,-0.678950903962002,-0.614416536912774,-1.14876146073041,0.446654560448555,1
139,1,0.0269563676571277,-1.53647093651467,0.0833812314463189,-0.38015922249355,-2.11531217685916,2
140,1,-0.822375768766194,0.647340974766768,0.362007982810626,-0.285021954453166,0.0861102113456441,1
141,1,0.213832366523057,1.34240724837542,-0.200890885104561,0.54033718823255,-0.576640443200167,3
142,1,-0.624364673064487,-0.534831022294564,-0.670423143627646,-0.490280810165096,-0.326606550961399,1
143,1,0.485759115367072,-2.55256714336606,1.30756098948144,0.0593445241083184,-0.0365519464104191,2
144,1,1.33736021119193,-0.697594530034839,0.255366220471693,0.546866813122412,-3.21970763637788,2
145,1,-0.509036946205884,0.126293068357961,0.249384927715408,-2.39879739699016,-0.324350608342929,1
146,1,0.470350242644129,0.505265997410496,-1.75064373103854,0.812106249033582,0.508421366270468,3
147,1,1.12127950434251,-0.248617640613692,-0.579637094151162,1.13061120862368,-0.0310959427507257,3
148,1,-0.0599225178139731,0.350045472556014,-0.815367470377575,-1.11098150180627,-0.997074002449919,1
149,1,-0.964983572479564,0.086207953489316,1.01746706850316,0.352901482166375,-2.05256390775241,2
150,1,-0.0408888322147392,-0.0670925931672394,-0.684912750351898,1.78656650541284,0.350849119547471,3
151,1,-0.119871900179683,-0.308943479039374,1.16484247374296,0.130533297800077,-0.852003272231802,2
152,1,-0.353324792887865,1.39290103075709,-1.30501851212305,1.08985483175552,0.183236968469779,3
153,1,0.69415242490301,-0.208780943644032,-1.29981329560497,0.271385482751652,1.15190137301092,3
154,1,0.307114391020561,-0.292620798085381,-0.880802449279501,1.84584911181129,0.960149516928319,3
155,1,-0.0379118925873538,-0.303982769760266,-2.10867642289137,0.281887711147066,0.179318746767035,3
156,1,-0.147218205110591,-0.109991571735835,-0.389233518205845,-0.490056985179476,-1.95440789876239,2
157,1,1.13153959528742,0.770207248669677,1.00342531594761,0.192768352599266,-0.766930318150577,2
158,1,-0.275229671106726,0.0182035637390969,-0.0706515569918877,1.23143186605582,1.06047665065108,3
159,1,0.399825400815684,-0.552683103143456,1.61532415536043,0.516797502476791,-2.32140756098317,2
160,1,-0.512744362116228,0.144568227314431,-0.834106152729399,-0.967680044116577,0.58506840436998,1
161,1,-1.65845146659213,0.260848786690766,1.27966916024966,-0.717695555233597,-0.376584524773877,1
162,1,0.222600592606045,-1.65276097272749,1.39799103430018,-2.4697892354477,0.600906647397936,1
163,1,1.10987561043031,0.973907875666153,0.0940194969724637,-0.637374309311343,0.560239324957491,1
164,1,-6.74474426470032e-05,1.01427123877878,-0.515315669784398,0.264286605445022,-0.58391060293851,3
165,1,0.679346240570632,-0.89022009279982,1.5630562144512,-2.93393227556031,2.16700745145127,1
166,1,-0.383482661096932,0.217516175619117,-0.491236085602624,0.125347189929694,-0.556760556249086,3
167,1,-0.265702011863502,1.30580589762275,-1.2253715926065,1.04770287934582,1.32608227076381,3
168,1,-1.98262121615192,-0.0540304675807782,1.02210832077749,-0.0381808394667429,1.62993129682418,1
169,1,0.106465221263482,-0.18170413231214,0.77419474949051,-1.6373170627371,0.81743919590127,1
170,1,-0.422120636767762,-0.173712396999733,-2.19468914681301,-1.52536782708337,1.01394936691805,1
171,1,-0.218391776618743,-0.0502593184233366,0.748076300170632,0.435056097208603,0.531762694982711,3
172,1,-0.640723267607772,-0.109174302443598,-0.860876166822552,1.9382356256768,-0.0869452627776914,3
173,1,0.329073886849669,0.0386038651302736,-0.465594987888706,-0.634051824642306,-0.036233425394173,1
174,1,0.876633069571467,-0.906983578281043,-0.897629612438271,-1.936143056588,-2.13302119150936,1
175,1,-0.29523355107419,-2.05681837667517,1.31567995022333,-0.0660673946824415,0.157017241684222,2
176,1,0.577548855023088,0.353165388740493,1.01540214453554,-0.41353458931596,-0.109625927480459,1
177,1,2.13070838208356,-0.305904334061208,0.30732331834578,-0.366105794547708,-1.05817282903066,2
178,1,0.793893606675571,0.0749363813755374,0.691681743866618,0.438024774115758,0.587305706077823,3
179,1,-0.386785788312732,1.02050397648348,0.269512695054755,-1.28867984819111,0.583413139281443,1
180,1,0.391033408353526,-0.00260845715392929,-0.997266451223296,-0.809665013192016,-0.447274500680903,1
181,1,-0.118507339941031,-0.61328833430598,1.08666129169353,-0.760981167505093,-0.0602378902726435,1
182,1,-0.453172937757422,0.150665030901393,0.863154959547522,1.26761025261811,0.801866910564702,3
183,1,0.141182735438392,0.714412365312511,0.685887431782111,-0.743147254116578,-0.0994546278784062,1
184,1,1.36555757954612,-0.106000525166112,0.619381748290959,1.65933769400853,1.17182993946344,3
185,1,0.525233294932498,1.01442466570321,0.494857941723572,-1.06410932851245,2.03389493852198,1
186,1,0.586995885892608,-0.12865320499521,0.200739409163616,-0.900969658576814,0.393729300673184,1
187,1,0.0688205421490467,0.0156779321042385,0.232571964461975,1.12438063853103,0.305620706734591,3
188,1,1.90361495517637,-1.2896738911652,-0.227104614565652,-1.23876935041038,-0.378834374549826,3
189,1,-0.884698100079217,0.366527511846805,0.205647638662698,-0.631947082142399,1.67242410442488,1
190,1,0.354643281292095,-0.930471422722974,-1.36093968366364,-1.10768434780798,1.24313311872381,1
191,1,-0.428687805714396,1.02165954163448,-1.96677925063344,0.597246760768235,1.02431041644897,3
192,1,-1.13640126190913,0.614059271886562,1.63072025748117,0.813083057778236,-1.46429847879479,2
193,1,-0.491250128714149,-0.773683892702008,0.569807687433218,-0.648841593297906,-1.66180737685205,2
194,1,-0.392280043269191,-0.754692655002727,0.307878171369273,-1.1457305080946,1.44718608562274,1
195,1,0.998872697899647,-0.532262239905041,-0.256378472334986,-0.480358295673313,0.313695309817192,3
196,1,-0.423035062538188,1.51875163489882,-0.140623914710471,0.826944235663079,-0.729850303575758,3
197,1,0.821942794947112,-0.677522710273281,-0.0600151897860726,2.11104056736591,-0.00179061179707294,3
198,1,-1.00851821106175,0.723285074284653,0.738392964353329,0.122891381166942,-0.0395095256116145,2
199,1,0.517335103205824,0.110172265811562,-0.936958083725327,-1.25641523366718,1.18670052798977,1
200,1,0.169792255353174,-2.10350576356106,-0.237644937947441,1.15472599641852,0.396731717942247,3
201,1,0.0898235762725198,-1.39611791825388,-2.01766488839658,1.83738400758352,-1.73859628325548,3
202,1,-0.175703338700494,-0.555775309892554,-0.226375376722606,0.602424216728382,0.958651475066516,3
203,1,1.01290520997084,-0.16272071038781,0.682975950472284,-1.76369870625004,1.25925571827358,1
204,1,0.543113673632597,0.433908724476482,-0.839287994701681,0.417941879834662,-0.238359217078645,3
205,1,-3.50799844522156,2.15198636746243,-0.446763922519597,0.507760823874564,0.388704316173437,1
206,1,-1.56173431757504,0.16033762627904,-0.0642290274381682,0.357203709014704,0.620729279771842,3
207,1,-1.34766388682786,2.07218683580396,0.216948214799316,0.411353856270215,1.27414860984419,3
208,1,-0.0103811555781224,1.49315193217656,-1.01582179827378,-0.689983092962524,0.316444603761992,1
209,1,1.3073029915734,0.971070581283444,-0.570660866328069,-1.07352548072805,-0.238741996873939,1
210,1,-0.656183130836588,-1.25207676098365,-0.225942818917179,0.288728947443948,1.34107034361637,3
211,1,0.571700882360413,0.0127581549100956,0.756904343222126,0.480827168795775,-0.534470497486164,2
212,1,0.135093941037018,-1.05653520460019,-0.435470203684357,0.146581192248834,0.521838908930615,3
213,1,-0.157416345073619,0.266555122705745,-0.892346800711282,0.0727942750931867,0.423238664188072,3
214,1,-1.56326407073743,0.61988440045011,0.385076687340031,0.00353525024157511,1.46700446290353,1
215,1,1.45081849667157,2.17079890272641,0.513568889034053,-0.221783060906796,0.130829980911927,3
216,1,1.85844262827151,-0.0235066353804365,-1.45697113099206,-0.845709557516944,1.34963466484462,3
217,1,2.25560465446793,1.01467247994121,0.0991783379803421,-0.377644623386501,0.00524477551203431,3
218,1,-0.875713269967028,0.408629895096488,-0.923713336329285,-0.400518559882181,0.0867874530491615,3
219,1,0.249096623962848,-0.846077142539325,-2.08351081086117,1.3072415787833,0.477945709349783,3
220,1,-0.464882005575946,-0.5842823158142,-0.275638536710647,-0.124527162899729,-0.342452907939126,2
221,1,-0.62118767377966,-1.96833637035071,-0.649541666896878,0.724085278923103,0.740052357263742,3
222,1,-0.80675544295275,0.202879331719636,-1.1402888229831,-1.25312956314846,0.274463530345112,1
223,1,0.758830283813566,0.586623160149538,-0.245074710805664,0.598057852826134,0.708849221283045,3
224,1,0.169844581146495,-0.697824265198644,-0.810092232449639,-0.230394045672871,0.1249635381032,3
225,1,0.687500761695473,-2.38121182017919,-0.638831982300402,-1.25258156557737,-0.360819716750684,1
226,1,-0.52665929647053,0.553793256583235,0.533509790719271,-0.853431289148789,0.0638790004714539,1
227,1,0.209309529816997,-0.473624213615257,0.186465880670606,0.933192115558229,0.241457649188805,3
228,1,0.182561279174824,0.647869800196028,-0.255702237243213,0.541510862557338,0.250997131110818,3
229,1,-0.696451825843613,0.160575801131322,0.965533894092638,3.15973725720951,-0.214782352111308,3
230,1,1.18614824132615,-0.342037796156025,1.46872907388195,-2.04592593685349,2.26006088643867,1
231,1,-0.318745216233644,0.269528813392941,-0.420150083979529,0.22134361161662,2.7063852498499,3
232,1,0.403966434513152,-0.687243835934679,0.382188834043795,-1.59332128456526,-0.122686109344801,1
233,1,-2.42798513629277,2.85714663605331,0.101853096150074,-0.988952175087473,1.1551831684792,1
234,1,-1.24735055895774,-1.13679759855923,-0.0817224879937764,-0.262752673293292,-1.08451219479496,2
235,1,0.897516795166714,-0.267673878694176,-0.551714577422797,1.63502030148611,0.358237061818162,3
236,1,1.49270597164118,0.665261353596742,-0.61411377261514,0.918151468583547,-0.964426946717202,3
237,1,-0.190719834440115,1.68337421335464,1.78587135208062,0.674692248668786,0.0619288455859094,3
238,1,3.28147569923465,0.842603262951873,0.0702693355820552,-0.824487466677281,0.970932342660974,3
239,1,1.99005533033416,0.77092022525196,-1.51701708171488,0.660895789425822,-1.13224738064637,3
240,1,0.533334759377723,-0.250576413941939,1.84515058992502,1.58467604530644,2.31248385082965,3
241,1,0.683640889258911,0.918880450510179,0.198860841738642,0.556789942642402,-0.13849645907443,3
242,1,1.11133338686946,1.32312451032376,0.558435923542913,1.47855653538608,0.91281305914034,3
243,1,0.424431299675638,0.234050742169344,0.0346882357537895,-0.0969009094370397,-0.690753347287169,3
244,1,-0.228322943487863,-2.10822178136518,2.30020538355368,1.95997060505192,0.335269231296964,2
245,1,0.0061343815679514,-0.183176922880797,0.728957278561543,-0.0655262307295793,0.270496249750637,3
246,1,1.15322707992147,0.332488024911131,1.48648489370237,1.35536195224965,0.730624671159653,3
247,1,0.885326404132466,-0.0476711299025143,0.34758058037431,2.77777351645973,-0.810099462405684,3
248,1,0.418892995436845,-1.1738238502581,0.131723411046215,-0.375304085170185,1.85869017897326,3
249,1,1.1688409346112,0.680532021830919,1.1860429509834,-0.237053140546874,-0.276100618623859,2
250,1,-0.541678173046174,-0.366902330578229,-0.0982952601717123,1.41826177245246,-1.45918624829141,2
251,1,-0.912600118436143,0.209227955546578,0.551901939854233,0.578403230128793,-1.74539550073755,2
252,1,0.722576400317269,0.686956452809352,-1.86061225316483,0.504219330911585,0.00881431812058882,3
253,1,0.469352220573987,-0.273670303831272,0.529620416711231,-0.351900820625028,1.37657182957365,3
254,1,-0.837752580118076,2.36740740101128,-0.44977827097206,-2.1183327592999,0.695272563098926,1
255,1,-1.93925560698772,-0.214762498520827,0.75087985288452,-1.2591751674831,0.0850334214588603,1
256,1,1.04035065769726,1.43290404059708,-0.771878388582479,0.857872068230173,0.999512760847886,3
257,1,-0.959326599736597,-0.460506257691256,0.666661804976151,1.91874691465099,0.993603285676864,3
258,1,-0.527768299986749,-2.49585456792873,-2.1059036032828,0.457494946583611,0.787935656657467,3
259,1,0.88232374378843,0.342624510263801,-0.762487971864817,-0.21349208915137,0.856047105108474,3
260,1,-0.209815318529659,0.84966600600955,0.0210119478273126,1.65170891644546,0.193865365321619,3
261,1,1.5899802414318,0.440819383793219,1.35591143556133,1.14219696929018,-0.367191252284671,2
262,1,-0.539154847641516,0.309991377675353,-1.64182663275716,-0.322848442892842,0.268780287623137,3
263,1,1.60363620438338,1.22316900426131,-0.2919020428569,-0.0565361298474959,-0.380228996487724,3
264,1,-0.00530979668480582,-0.0275130208754142,-0.879923818750487,-2.95415277685757,0.719564240012074,1
265,1,-0.173680930214873,-0.584076043604202,0.477293520589486,-0.146867817302,-1.5532049183951,2
266,1,0.519028425727804,-1.21141461932831,-0.843370780588522,0.873405212841626,1.27607439695152,3
267,1,-1.52733356216297,0.697913931121833,0.881860270508971,0.587938912012791,-0.175879124977428,3
268,1,0.0811496795517592,0.277049676219123,-0.3266836151882,-0.669566170065402,0.292427117240951,1
269,1,-0.450500822658307,0.298454607731351,0.228623172407244,-0.401363555284288,-1.43783106005312,2
270,1,-0.0643306373942886,-1.26341041404666,-1.31078922830785,0.159079651272655,0.364903754679683,3
271,1,2.53920341914217,0.33514126542306,0.24040270262262,2.04610471089406,1.72835795212235,3
272,1,-0.773574663095873,-0.496076545891321,0.939741620177702,-0.478757973985297,-1.11188530512545,2
273,1,1.05994554609593,2.40799369699346,-0.0211051056474424,0.0827608989823078,1.35664176436483,3
274,1,1.06579399608963,-1.19486801904379,-0.816816042920255,0.166614543590188,-1.10434106102952,2
275,1,0.236103442245142,0.275038642120519,1.42484713607783,-0.358859354326929,-0.00977420096508952,2
276,1,-0.497860789022694,0.779231407820789,0.784052237571564,0.661467394462344,-0.954770828314101,2
277,1,0.159155483884468,-1.01800308624149,-1.01929370493249,1.24836106417265,1.84504271380935,3
278,1,1.11904794926209,0.118934177576965,1.84403495241731,-0.883770479568872,-1.04527199396938,2
279,1,1.59876879382874,-0.147238154415616,0.452033522853291,-1.36486032245993,1.08079327159677,1
280,1,0.356161714690265,0.601833539393997,-0.609599030202997,-0.228997361301443,-0.268556841135923,3
281,1,1.39997101791986,-0.291603108208508,0.557375322518206,1.22406817540135,-0.355127362454009,3
282,1,-1.34173123174751,-0.73215462325037,-0.0770081137106725,-1.26535187681444,0.0359741588657295,1
283,1,0.653327394127624,0.975029205138861,-0.543177946529839,-1.66208702110137,-0.661671697921597,1
284,1,0.790536300937976,-0.28087693843819,-1.26188208492826,0.708263163426104,0.387564737044956,3
285,1,-0.281404188617137,-0.81396539245213,0.719889545468479,0.0427878063088308,0.807057111806205,3
286,1,0.569862727538763,1.28108059182399,1.57775919592539,1.38437949200682,0.730844766767321,3
287,1,0.912060957026329,1.83694336186307,0.44453078730212,1.33992206807038,-0.430583099442058,3
288,1,0.0278682249845323,0.405008765904757,0.835971924484539,0.115430644613721,-0.464817200219178,2
289,1,0.0848443822823591,-0.943041914649055,-0.850184397490889,-0.254218110679496,0.282889070146923,3
290,1,-1.02444013283385,-2.27852748497499,1.04598998531792,0.127325580999473,1.75809150593307,3
291,1,-1.11259158301808,-0.0662332086816904,1.03727852249563,-0.245956125554987,-0.897790344729796,2
292,1,-1.02197037169027,-0.906864035058575,2.25363263363614,0.927811935386477,0.571967123539929,2
293,1,-0.443654714185656,0.0422843977321029,-1.17341401096391,0.389867363103109,0.416692554796828,3
294,1,1.23409697614831,2.42151261814609,-1.07807279855241,-0.0768994928862974,1.22608919461996,3
295,1,1.596052737583,0.081308768629408,-1.47708267672873,-0.348105747625515,-0.54676753595005,3
296,1,0.0325131660922035,-1.26297265708252,0.471871312536998,0.497620445704518,-0.354292168331754,2
297,1,-0.0335439558208802,-0.0550869074804587,-0.751048316358542,-2.30976556757001,-0.636740078484305,1
298,1,-0.250965351030159,-0.27064483010821,0.0551315055434557,-0.775664490548475,-1.13169966683731,1
299,1,-0.136387788488248,0.626460513720591,-1.4641285536749,-2.36906767261925,1.11292539747132,1
300,1,1.09364320738485,0.142062750356921,-0.933153698643202,0.540796856752813,0.507146518659178,3
301,1,-0.390671746624735,-0.653357539185529,-0.635315613367161,1.21902995266164,0.678443149209457,3
302,1,-0.593584596350886,0.7654890430143,0.552113963145947,-0.479834556076283,-0.789956946680701,1
303,1,-1.50628342334745,1.00514661653242,-1.6092259285397,-1.14271840727284,1.20144535255349,1
304,1,-0.610196867460527,-0.592631384781578,-0.24821615051389,0.452567591843399,0.698921502319468,3
305,1,-0.624751848373354,0.298610286050503,-1.90855203959174,-0.598624674619386,-0.655626255035358,1
306,1,-0.327803990767209,0.906095457099751,-0.694939832583764,0.296099759033865,-1.7020066455176,2
307,1,0.636113260572033,-0.607345073598001,-1.55492246349766,0.304438069076377,-0.721678076465121,3
308,1,0.97358188980396,-0.798404160805742,-0.922362807350697,-1.43741498757738,0.748255252097484,1
309,1,2.54036906263251,-2.03719456815296,2.00001383039912,-0.544029405502806,-0.914120486388043,2
310,1,-0.130786583125565,-1.10198809913212,0.679352999873663,0.0751680725340881,1.63997672203106,3
311,1,-1.11803203829515,-1.15064500860388,0.187443466594064,-0.878859387836283,0.928169654588559,1
312,1,0.202644055925543,0.43942134737196,0.385047569622624,0.504234135767684,0.328224084935605,3
313,1,-1.43872038992315,1.65548098164822,1.4056800403487,0.523112866141803,0.106985675262023,2
314,1,-0.349056636456383,0.242853497951138,-0.451278661687402,0.353940496768791,-0.644704045726483,3
315,1,0.686936934424901,0.711511164110597,-1.0257593108635,0.11443726003221,-0.122687207191746,3
316,1,1.52667523701611,-0.509945419625915,1.42633092066118,-0.902707530672673,0.814625413274731,1
317,1,-0.256378382917333,0.264544213554364,-0.513048378084654,0.121433668885836,-0.744986785919567,3
318,1,0.0871129101287639,0.483385880386823,-0.643621588606763,-0.540301267271607,0.163953685282373,1
319,1,1.25360434284741,0.176127254207651,0.69532248701666,-0.416539284419064,-0.598348221827611,3
320,1,0.135824097796499,-1.26225976714069,0.714291969724923,-0.334123237481568,2.27037737776293,3
321,1,-0.717117959120674,2.25317438530746,-0.0829160727406499,0.791398561422685,2.15049982779995,3
322,1,0.581353173873609,-0.798389801003666,-0.502500916876516,-1.16735480577722,0.841404464548813,1
323,1,-0.568291009864199,0.57386245357999,0.487825481477115,-0.247852437108697,0.884024089600215,1
324,1,0.711573819238353,-0.978089975727186,0.347854406883722,0.822367823453427,-2.18020857225496,2
325,1,0.654432159168613,0.956758889848403,1.04675914947444,-1.58160363102,-1.33050949613031,1
326,1,-1.69632357558981,0.825411474769816,-0.922123344500414,-2.16474830143798,0.624837507560679,1
327,1,0.0689867538690447,-0.821292150335553,0.364413400287042,0.298337797903851,-0.837606411847663,2
328,1,0.166711098837791,-1.51299458099294,0.189063048555164,-0.85408056558261,-0.574603033348525,2
329,1,-0.882905305086897,1.44238567081641,0.927301360619845,0.392908130428379,-0.666787214272182,1
330,1,0.70243934233809,0.190229698018263,-0.0633187572833754,-0.0591017605299268,-0.317197720843769,3
331,1,0.947194250863081,-0.365612853780022,1.08817695512274,0.741615162163698,0.0559304851015484,3
332,1,0.695870244686692,-1.27159802032461,0.477157228626124,0.397737503839121,0.794391028408021,3
333,1,0.886686462112042,-0.390725006185593,0.843966933705975,0.726346882638592,-1.25368468147214,2
334,1,0.457930551528964,0.231272527626161,1.68695654991198,0.311925850335512,-0.311706680546936,2
335,1,0.467724185486242,-0.485856910306977,-0.0252278135507024,-0.664439577342172,0.23291024197221,1
336,1,1.23381735246,-0.105343694220872,-0.743841056302967,0.0653315900165901,0.778311141827848,3
337,1,-0.0634799777148589,-1.42539880890591,-2.34951370716967,1.19688759026565,0.209670482373372,3
338,1,1.63289179434636,-0.347108575176815,-0.0927402117794334,-1.49239158784001,-0.127233131640346,1
339,1,0.971859192426459,0.873876371568676,1.14930769529949,-0.601946262693811,-1.8013445968334,2
340,1,1.01487547673158,1.7768339909352,0.417049898242062,1.15320905376768,-0.860343650555098,3
341,1,0.266907196453089,0.634703626920592,-0.170823325629061,-0.322752352898393,-0.485167676476421,3
342,1,0.797510775057321,0.281696819050907,0.457340094254825,-0.203030351078331,1.67307894389427,3
343,1,-0.117314219450291,-1.17229282475702,1.44616341488465,-0.296424895271411,-0.952074216436796,2
344,1,-0.152596400860579,1.80399480962677,1.26400792957975,1.34928446969716,-1.91066036944435,2
345,1,-1.01584372612178,-0.575052464477732,0.642784756795876,0.517172194140998,-1.03164972061644,2
346,1,-0.0440598931743274,0.606141277006142,-0.86910079390723,1.47187950659225,0.797653725590961,3
347,1,-0.104729731221295,0.743630461664542,-0.0807153592516944,-0.134771516524157,0.890469580672469,3
348,1,-2.11529376042761,0.63605510296139,-1.11635482696964,0.430557018606092,1.08318390219327,1
349,1,-1.40365819095431,0.282066886954025,0.399136481329726,-0.38811172047771,0.689800273369772,1
350,1,1.07791949144067,-0.54555550130512,-0.86905769028047,1.08458556234872,-0.096443497299366,3
351,1,0.494396699870278,1.00475661927111,-0.847779075751937,0.386570206046694,-0.340183641403675,3
352,1,0.629789963589628,-1.35262637705293,-0.385944031951439,-0.570962845562641,0.327282356407033,3
353,1,0.428158792601193,0.278498591441601,0.625564039524538,-1.09770039218487,-0.326010501371467,1
354,1,-0.432840405446263,-1.19689604878433,1.15745132148602,-1.76948358196644,0.85895870157506,1
355,1,-0.065387093600483,0.925889947871213,0.263514252986268,-1.09057272691035,-1.77145159481012,1
356,1,0.863642083563876,-1.13777324191919,0.55212883603962,1.38701316135912,-0.553686952878359,2
357,1,-0.632973020220532,-0.0338573460001603,-1.0100896647237,-0.126548893527616,0.342576450354894,3
358,1,0.864444243315267,-1.02176884225222,0.278360690191511,-0.213019443266638,0.313886948846813,3
359,1,-0.015788495301765,0.37689766917342,0.0801258859890939,-0.617721224350606,0.7674645335659,1
360,1,0.224082201188829,-0.100395275505997,-0.536520013172041,-1.39169025185722,-1.25505430735492,1
361,1,-1.86988710184716,-1.23590410152509,-0.328993190107241,-1.00856488282199,-1.38176497254311,1
362,1,0.032131428221861,1.25375599702129,1.01328493101633,-0.379378034154175,0.473149644536253,1
363,1,1.85760746694785,-1.19678114271867,-1.2470859234028,0.143806725757617,1.93142746960344,3
364,1,0.156954329665672,-0.35984024928164,-0.782134958771688,-0.980051950072644,-0.562739846879998,1
365,1,0.240776002370883,-0.685962208115469,0.79679684244441,-0.660477850336302,-2.51680031020263,2
366,1,-0.188890212992759,0.322603932609297,1.34790234233244,0.227615106350221,0.0477650363688711,2
367,1,-0.283136819655311,-0.695050043528709,1.14434228160488,-0.250562150817827,-0.498684537402478,2
368,1,-0.379568210846026,0.0312714495349148,0.218771478879129,2.72134993939847,0.482656942556169,3
369,1,1.29980818789957,-0.446455674342235,0.668556214664086,-0.385691366738982,0.855161245573361,3
370,1,0.77321575292246,-1.21259521974493,0.299329216973668,-0.794351391695746,0.00409403914297714,3
371,1,0.0460913779289506,-0.581356846986454,-0.183766225930211,0.347017282962598,-0.14200770301501,3
372,1,1.74069589812819,-0.770438923875494,0.58903415679272,-0.991273754952534,-0.0499889622584764,3
373,1,1.29235664033203,0.314151786068231,0.136440021737562,-1.05065276111111,-2.6629212162168,2
374,1,-3.42179098098552,-1.92435502380776,0.0874774744033703,1.08037279431416,1.24539879818804,2
375,1,0.388154717465861,-0.893126504076382,1.78472314806088,0.353335888487135,0.440165308433374,2
376,1,0.915134654544269,-0.792052081578768,0.309527109163916,-0.207285932191565,0.753945898251676,3
377,1,0.4342407737996,-0.656583676868167,0.0514381632933702,-0.648409355145344,0.592432578791081,1
378,1,-0.572503885281847,-0.809001156491747,0.560296259779329,0.270264584639414,0.407482984259465,2
379,1,-0.413543451647276,-1.77965080123892,-1.71894218269362,0.017599835542645,-0.413148183144888,3
380,1,0.111521019182403,0.422859133973751,-1.17654287237092,-1.51514190164793,0.141083814770407,1
381,1,0.559248648384217,2.16064554087386,0.131426481201766,0.975380247574143,-1.7368020994647,2
382,1,-0.0855603037413993,0.123971569909686,0.0601141680031095,0.79594106800465,1.20541151254984,3
383,1,-2.09992707523811,2.04241755535826,-0.549849243518483,1.12411277316759,-0.376659118371043,3
384,1,1.05362712481826,-0.234792142015744,0.434767159964602,0.972209648063644,0.124042048699242,3
385,1,1.06680164253163,0.716587115515766,-0.145676027887476,0.142507907100799,-1.29076285033741,2
386,1,0.894456471764659,-0.936475078006242,0.673776033807533,-1.13716080930797,0.483628220099794,1
387,1,0.0932791800719576,0.251087763987665,-0.0835093555052382,-0.860157488832931,1.47242568642426,1
388,1,-0.136062245809923,0.0129952684999934,-0.514346805533536,1.53588348708498,0.145676876228931,3
389,1,-1.18747268936097,-0.870227107854389,0.733437548215964,0.944971933828265,0.619980305292267,3
390,1,0.505831245063248,-0.808015055468854,1.77291021673296,-0.0534345684153963,-0.0129215261913934,2
391,1,-1.58278173023512,-0.0555433484461797,0.15929954334264,-0.14776316975973,-2.1066947347478,2
392,1,-0.786980194007568,1.34488840150117,-0.421909275480334,0.0926569512147943,-0.291026184699005,3
393,1,0.0368956203939206,1.61906576796236,2.99716083245031,-0.106221239921908,0.118433114643587,2
394,1,-0.823724925991191,0.0629380242427765,-1.88483068511324,0.986443427663793,-0.620492319660418,3
395,1,0.309657488731452,0.779816836997891,-0.73414742185655,0.602044952148874,-0.0849846102162928,3
396,1,0.644670358827353,0.125444597238138,-1.18910393258989,0.504542494450006,0.566258874772853,3
397,1,-0.217145030370619,-2.27464676240777,0.137677828702414,0.371498360005474,-0.157824672494466,2
398,1,-0.65504038713617,1.64680083263079,-1.29589887312563,2.64041310349541,-0.374504373503486,3
399,1,-0.72028315135886,0.154951581911858,0.649465755687799,0.317417982414724,-0.404104115768745,2
400,1,0.390103845970923,0.0411551709003519,-1.14548128308319,0.519670051547179,-0.0634608552815514,3
401,1,1.61074758611093,-0.461658633386838,-1.46737317110758,0.202628883919433,1.02673065439082,3
402,1,-2.70990568778346,-0.93844931128522,1.13967641735477,0.475527455890627,0.604759881631175,2
403,1,-0.388000657628266,0.833603745958538,-0.70003883568861,0.698347371903596,-0.458808993579403,3
404,1,0.566822287990199,0.540127163706693,0.441673280323141,1.72452971854234,0.223370514185186,3
405,1,-0.337714131908962,1.45872488109859,0.196606295564659,-0.539367172729831,-0.0320891795894086,1
406,1,-1.12557492808187,0.361413532578184,0.244563232340816,0.973710741336654,-1.47181330740796,2
407,1,0.884422677936391,-0.873407922467061,-0.0527040951082841,-1.53594247374129,0.0645850543806778,1
408,1,0.154131980707112,-0.655322342178374,0.746756117000731,1.37596919840693,-0.376692228396458,2
409,1,-0.984016974693144,-0.542141801632627,0.340181600550846,-0.441222493502632,1.15524828882351,1
410,1,0.863109124545571,0.663604326420264,-0.328398737439685,0.107207981087386,0.145170458171325,3
411,1,0.103613073221561,-1.42305788774713,-0.87840707964743,-0.196805169523312,-0.0958238797786274,3
412,1,0.518337309225272,1.0440782857106,-1.02007418524434,0.543314374674855,0.815827261330887,3
413,1,1.26824147647694,-0.853135959825624,1.38246637183587,0.572166542627703,2.40679929714562,3
414,1,0.52709198643047,-1.92182138230896,-0.247878564346823,1.02828358142855,1.95579652176926,3
415,1,-0.76464292318782,-1.19976938163189,0.97817108469282,-1.40242232060208,-1.46030672232925,1
416,1,0.825504052234963,-3.57801846963761,-0.759454206743483,1.2009634621421,0.439152833776903,3
417,1,0.141671718747678,0.775155074942294,-0.574187204108662,-0.48054079455141,-0.479888452339973,1
418,1,-2.08940153997506,-0.771819320538535,-0.589474115431861,0.46436855961562,-0.36675024210989,1
419,1,-0.944366130649362,0.255391036600046,0.659019525250626,-0.337057365464356,-0.76954990528138,2
420,1,-0.608416097254117,-0.895246523528309,-0.241297670606286,-0.563576561653079,1.40502961110409,3
421,1,-0.207977335805791,-0.495372169234293,0.149395978486237,-0.468485632415147,-0.687446412758127,2
422,1,0.709321306500942,0.136482408669793,0.211369636100474,-1.97830897327523,0.399050510701198,1
423,1,0.419586795890765,2.90260379336251,1.09126268752504,0.239345766602119,1.38165859723137,3
424,1,-1.45021845212342,-1.23546823789271,-0.31709055973732,-1.13424105494127,0.546229516614304,1
425,1,0.384213466389171,-0.785522568419761,0.171062748870587,-1.15883463753959,-0.18742134590309,1
426,1,0.0362043698885561,-1.00445740185308,-1.4549943971349,0.461741353858298,-0.15058346486577,3
427,1,-0.352190754074366,0.0831633665895019,0.739996246727819,0.782584929275786,-2.51886882139916,2
428,1,-0.702128693370725,-0.372855997983903,-1.09825639755959,0.111737086896027,-0.768466424970138,3
429,1,-0.163889304773966,-0.931965735288649,1.67668044887724,-0.14775939686118,0.343507040847507,2
430,1,0.0439860722816868,-0.00953825265847066,0.916228178794139,1.9392610445206,0.55155238080389,3
431,1,1.69290310673893,1.65661576025521,2.08757864802307,1.85080989725873,0.37055284078091,3
432,1,-0.809024295265743,-0.00785473672785375,-0.852371180838143,1.53469179901013,0.693418518956294,3
433,1,-0.409132403288396,1.21836024063112,-1.38715669814669,0.278347824573603,2.4076999609407,3
434,1,-0.000338790095661034,0.49088456592907,-0.527810947782285,1.50406941471242,2.01872911971549,3
435,1,-0.557277867893292,0.315659272214782,-0.118701090849037,-1.12498265745253,-0.527932588523387,1
436,1,0.275727311274813,0.351552864008113,-0.460924427001876,1.01823170592147,-0.163761556925744,3
437,1,-0.822658406944016,-0.615861345420818,1.23212261255492,-0.135629297880613,-0.31605931018358,2
438,1,-0.512780046548482,0.358912867200325,-1.39773808736386,0.554744773939023,-1.19349957404146,3
439,1,2.018508755524,0.495392903855305,-0.849906710206863,-1.44001675098649,-0.858076215673119,1
440,1,-0.363204031318838,-0.504259955445151,0.144649602276904,-2.30895432429032,0.315344526094969,1
441,1,-0.312161954555221,-0.591396635989417,-1.16106055926545,0.0938443764243264,0.232122636375741,3
442,1,1.5700148550768,-0.00713377320245756,-0.384208205729769,0.701045582478776,-1.17771350555451,3
443,1,-0.166149476661489,-0.266572771759051,-0.401268779351258,-1.06655409014032,1.12922410457441,1
444,1,-0.999467370253521,-1.23409088502153,1.327509458649,-0.750310537943699,1.68096752713528,1
445,1,0.772844807944302,0.462429741011405,-0.515646817476965,-1.69447784516333,-1.21297671252106,1
446,1,0.278089357244079,1.67004029103577,1.28497667524324,-0.504348717123926,-0.798278103100502,1
447,1,0.0896814118609736,0.486832340195045,-0.250534799042711,-0.114033369852912,-0.300419631533193,3
448,1,0.801484056925979,-1.52364627114074,0.110843655329256,-1.36361961573681,0.717030882885471,1
449,1,1.68602092265284,1.42776398164278,0.982230672657922,-2.01027520941567,-0.822683066623436,1
450,1,0.928354218855139,0.172267113682989,0.752888789219298,1.01270097245014,0.0741472268195955,3
451,1,-0.396807630426395,0.256048063424112,1.19251100013989,0.0365650298866039,0.549871136039691,3
452,1,-0.0117358916393707,1.08266234108764,1.07509044035026,-0.410081913957981,-0.608994622793393,2
453,1,-0.83260307632101,-0.490150811007413,0.368830679635804,0.228755430841935,0.0996529747382303,2
454,1,1.42110935646107,-0.767153491770939,-0.678601120815737,-0.332423822036444,-0.247431657630036,3
455,1,0.20998901069032,0.973097226932367,1.03979148469086,1.94061350156134,0.198770493682627,3
456,1,0.366484429241887,-0.0380227568572413,1.23803573033761,1.8664911505682,-0.631129439423202,2
457,1,-0.336282516388416,1.51921740048983,-0.692772634291793,0.0300635038381684,-0.240665743064755,3
458,1,-0.724353020323706,-0.333720325866762,-1.3549236643353,-0.267219761960193,0.282052326866951,3
459,1,-0.668352616477066,0.727319763260948,0.811653903492319,-0.422529242621747,-0.825079575661918,1
460,1,1.18504842651437,0.600640061619443,-0.785532949392799,-0.0799806377469188,0.598111813486415,3
461,1,0.420734934735395,0.310218549916906,1.18554309399384,-1.89370400665316,-0.254465931639223,1
462,1,0.379385566080604,-0.410975678793523,-0.477431376836862,-1.61017828657286,0.398153880267506,1
463,1,0.407902959839064,-1.65355621923604,-0.138206922570903,1.28724474415531,-1.00195814194974,2
464,1,0.747649249770219,-0.763092075263375,0.351828037348326,-0.446000707174537,-0.234563929793711,2
465,1,0.305285455822484,1.53111996082117,-1.39948086252412,0.0459633243541081,0.604788512119604,3
466,1,2.16057863415893,0.168684873829153,-1.20905401244437,0.89272610931575,0.258402493081508,3
467,1,-0.695336105146341,1.23792956639002,0.647919303893803,-0.522655663926503,-0.20291486800149,1
468,1,-0.156908614441542,-0.62873977445631,-0.700608813097132,2.51123945476239,-1.045736760289,3
469,1,1.3492208555323,-0.242916070942551,-1.76905983745038,1.68633060545449,1.04111052044459,3
470,1,-0.823206619323743,1.22681018931178,-0.307287252508112,0.490107586231773,-2.24351604303246,2
471,1,0.972624658973886,1.46666193872269,-1.60750181422264,1.08634500026805,0.707796950173124,3
472,1,-0.982303631753616,-0.80114972768765,-0.0581404776439437,0.806779770333332,0.290013780857118,3
473,1,-1.21591558275457,0.347601312435848,0.698199606415312,0.601938960403618,-1.2974636051642,2
474,1,-1.79750389028207,-0.406324779417281,1.58835192802964,0.200706685367986,-0.91728297153887,2
475,1,-0.19593595587121,-0.144612305186778,-0.819140075324924,1.00480432509231,-0.101792917308235,3
476,1,-0.235824600401016,-2.21816183825331,1.27141023044045,2.48441830607842,0.0613679710883144,3
477,1,2.02413586896577,-0.306494254345729,-0.255552029352263,0.807765616179461,0.275976734907422,3
478,1,-0.623804315638346,-0.104658523838968,0.874986191658625,-1.41503306477246,-0.505921418079813,1
479,1,0.373303096575827,0.943485445519754,-0.39970823787516,-0.162415487080626,-1.18277210933018,3
480,1,1.54757402137833,-0.636239515414882,0.488395814996234,-1.24927045292215,0.30379237602031,1
481,1,1.16395585398618,-0.108829337103865,-0.846927041567062,1.00705670093107,-1.67008442705709,3
482,1,-0.33821069987277,-1.69016379713598,0.589849557592373,0.548609745040242,2.70501243065424,3
483,1,1.97805120703033,1.12522373986829,1.84455083143565,0.18930034038408,-1.29923602155737,2
484,1,-0.75324991704973,0.651192842305607,1.09154139260961,-1.65276091899302,-0.837546447671797,1
485,1,-0.2033187151491,-0.616713184629818,1.04426075588193,-0.714862719615483,1.08881902014567,1
486,1,0.808169021769335,-0.491989506415225,-0.505525122170846,-0.272177163256758,0.620007424312472,3
487,1,0.275624674497088,0.903752125618203,-0.91210456062084,-0.0362161058318206,-0.301013434696544,3
488,1,-0.627881368900694,-0.715338576804746,-0.245473528291469,-0.28426148159586,-0.2538326775967,1
489,1,0.807580317969102,0.112724896131002,-0.297343660173071,-0.420263507862961,-0.205422224210996,3
490,1,0.926419684718667,2.32567021527948,-1.04582006143116,0.0978902832907881,1.91783705974569,3
491,1,-1.92350202810374,1.68197294430928,-0.0094581769332477,2.74423613216883,0.812420906461789,3
492,1,1.29940419824552,-0.075063828727254,0.769777203743784,0.309260755238526,1.86230713217993,3
493,1,0.831158972304354,0.571365325984784,0.726797385721668,-0.464935448277203,0.267398990115501,3
494,1,-0.0947440125540623,-1.16177504980411,0.543763812389708,1.83347112423399,1.1782505670866,3
495,1,1.89454279466509,-0.554690625588753,-0.750676953646178,0.952284640808985,0.146749780717142,3
496,1,0.393068944431035,-1.98373804162514,0.27754181530671,-0.636331797546137,-1.39277990646781,2
497,1,-0.080371036959916,-0.440649898275613,-0.338569376469594,-2.15636993059145,0.18205202988407,1
498,1,-1.34345771040452,0.986542965053605,-0.489452113883154,0.336013448366341,-1.09574178669574,1
499,1,0.144607848321481,1.52509429056019,-0.845174074668293,-1.31632568580472,1.21241975838721,1
500,1,-1.70724927387399,-1.29526396971718,1.67331750083262,0.185882894017862,1.83926590291283,3
501,1,0.37782610765336,-1.35406847692497,1.22316240572867,1.34311497517305,-1.59009736959537,2
502,1,1.12652409883811,-0.150248847365615,-0.612828760687743,-1.1018621140976,0.203030159217883,1
503,1,0.573515055404322,-2.72668494270483,0.103741913281947,1.93947515002515,0.508361673154709,3
504,1,-1.16000838386324,-0.00904028682788484,0.948444527811012,0.550626114631187,-0.800444185649406,2
505,1,-0.0821756809786949,-0.115822295722565,1.71513857204382,-0.96449220990519,0.431779586814678,1
506,1,-0.79465316885533,-1.28392543107295,-1.27152194799542,-0.252796479621845,-0.309748516593548,3
507,1,-0.438402582942965,-1.04688086391172,0.0952292442997162,1.28431490576242,-0.707495774867419,2
508,1,-0.340044879402226,1.7832259913654,1.24549435122527,-2.02862050226411,-1.04252983148052,1
509,1,0.239732097064765,-1.17489030137744,-1.51407303482902,0.298814570464032,0.470108076810707,3
510,1,-1.34068465821086,0.160062071427508,-1.95069453679023,0.487087537283668,-0.49742012034485,3
511,1,0.376547375041648,0.0775869291989037,-0.505751905513656,2.32727129953175,0.467456931517453,3
512,1,-0.384216621189913,-0.473330944012326,-0.424805281118132,-0.834098220947972,-1.65294238874549,1
513,1,-0.160919641616912,-0.328730597248173,0.303586938386446,-0.999073703602603,0.179816435773001,1
514,1,-1.2758157854921,-0.212819401251949,0.47970883524754,0.115918278394139,1.24403428765843,3
515,1,-1.05621475820791,-0.454242356422496,-1.25336515193348,0.472307660201941,-1.03960057699096,3
516,1,-1.54004848286438,-0.187052402291481,-0.475437449325644,0.301214527128049,0.142514987779834,1
517,1,0.66130341204348,-0.248614861862105,-0.730989892958516,-0.821031304980304,-0.187590510629088,3
518,1,-0.432027969567804,1.08557406882004,-0.346362020798307,1.18187678703815,0.718109362774589,3
519,1,0.979224625189852,-1.98427318891469,0.107300328424108,-0.0710372199068003,-2.46219170347213,2
520,1,0.192820993370931,-0.509832088613976,-0.568824053400514,0.551022977216,-1.44760848860235,2
521,1,0.375049250379576,0.732129609855095,0.766285503960865,-1.30802685745735,-0.869924224685091,1
522,1,-0.585645150706566,-1.5194120519695,-0.92612474013061,-0.635236871529927,-0.568063382379352,3
523,1,-0.986857110179467,-2.14166848179235,0.194383538134404,-0.453737045481047,1.152608221004,1
524,1,-0.441895890766397,0.272410637138025,-1.27555761278161,0.224712017006418,-0.0121230352500196,3
525,1,-0.96289417197907,0.311833435445717,0.0595133797615383,-0.941972134864956,0.252219576203276,1
526,1,0.355134103438617,0.295557123936776,-0.14819715417993,-0.579738296759808,0.198238120450315,3
527,1,1.40621328122097,-1.36484776331088,-0.1144815412983,-0.163765412600824,-0.62634124985737,2
528,1,1.50907116581372,1.21417080620148,1.150180856074,-0.759222320985032,0.650855312464501,1
529,1,0.302572484010636,-0.631513492586662,-0.453945726220667,-0.228476804418297,-0.86275962931991,2
530,1,0.671160588693521,1.9502807745481,-0.850707895862662,-1.29035130319076,-1.9166932189239,1
531,1,-1.20647620925469,0.910629355732658,-0.758736538599732,-0.687144154598272,-0.138751830296556,1
532,1,0.337075053468897,0.22696406109404,0.764895240186172,-0.193472016950439,-0.980431205154119,2
533,1,-0.509429445719296,-0.649173988426944,0.0714179792374959,0.435020848970424,-1.54327061372333,2
534,1,0.337548805835896,-0.776049976916758,0.686476651582113,-0.254536399521528,1.0616285306816,3
535,1,-0.79272277364628,-0.378715825512531,-0.726681571812381,-0.0342530970839943,1.02049547133879,3
536,1,0.248510845056532,0.40070882611173,-0.136369609918014,0.359676368848615,0.0816206128365675,3
537,1,-0.713891843083015,0.488569062729085,-0.875340365787452,0.465045929951564,0.268440917502953,3
538,1,0.270444593642861,0.897810468213097,-0.758030557159737,-0.557983564409562,-0.167967181566826,1
539,1,-0.0695744153061454,0.406340390909347,-1.3794428811947,-0.936482684493765,-0.72469606422609,1
540,1,-0.882373982370403,-0.208980283883631,-1.37219652498966,-2.12894794534531,-1.68805315829511,1
541,1,1.25931886553133,-0.174700048443313,-0.281020631366647,-0.61105229155916,0.405475793100034,3
542,1,-2.47112800517114,0.143384895208185,-0.491259981208071,1.41839538767324,0.837214341682891,3
543,1,0.586910479730165,0.719144366169049,0.622876492801737,1.49276372121832,-0.794166618625079,3
544,1,-0.257224736513098,-0.360708739976493,-0.737696558172823,-0.971841335531691,-0.143246229005219,1
545,1,-2.39132613241729,-0.556980216835417,0.263563503288062,-0.119288474268145,0.952139561367512,1
546,1,0.846255176452168,-0.688873045488721,0.264533061146952,-0.785551674108313,0.0488112598212022,1
547,1,-0.92980354825911,-0.0188040621928594,-1.36163056827374,0.860832346624695,-1.48634003908218,3
548,1,1.9852769643322,-0.88876948079879,-0.420769522827518,-0.711442376424433,-1.16587166997602,2
549,1,0.7267233697537,-0.901979316884898,-0.236777242483257,0.910445698116973,0.803641202428347,3
550,1,1.483835443285,-1.17410920066934,-1.1897447337859,-0.198484213251232,0.376508459608141,3
551,1,-0.40605091195753,-0.0671167832086149,1.63679752702846,-0.124472264144691,1.93473785483297,3
552,1,0.995842101561477,-0.690821128181269,0.898209531899928,-0.154047720771421,-0.491770850726607,2
553,1,1.24799721473295,1.1166046722096,-0.5208243386072,2.20913389286989,0.719302567491318,3
554,1,0.769069591888284,-0.413244913476358,0.829368760939907,-0.726056541172215,0.343776283017024,1
555,1,0.551720719087862,0.389999107669242,2.33074545605965,0.418598375375045,-0.647889140862696,2
556,1,-0.886741673550852,-2.36605534769428,-0.710594432448591,-0.737215279264305,-0.974024777755745,2
557,1,0.72625811468514,-1.83750501759578,0.46078630460228,-0.571186081631605,-0.719562266404196,2
558,1,0.876508150653785,0.690874277535626,0.927578483775652,-0.336209522022636,0.873192953767959,3
559,1,-0.00605681144315685,1.28443346856312,1.13324345528339,-0.118552747526939,0.875618437701734,1
560,1,-0.198813289402191,-0.250964986713754,1.21113332499257,-0.154646924967605,-1.77428555658835,2
561,1,0.243957410461384,1.63923468090088,0.305861863484428,0.085033420739846,-1.90425846047431,2
562,1,-0.793833014936147,-1.68510829517565,0.412307919465721,0.668227390988392,1.58477982480611,3
563,1,-0.178933830963065,0.446256163923711,0.290205634537524,0.229442131406677,-0.148649694876103,3
564,1,-1.36433797061461,-0.862301402032582,-1.07294318476594,-0.239268406449491,-1.04975548673492,2
565,1,1.52652559325183,-0.651370810764175,0.682782596483423,-0.0416308725179105,0.981504541023469,3
566,1,-0.894155937375589,-0.279767242317107,0.141973280817256,-0.2908721199104,-0.0483206638310215,1
567,1,0.165940955509906,0.0240149388658018,0.0790072426613883,0.0331736939146735,0.109173454989835,3
568,1,0.897292831144192,1.25790924274753,1.89860846321465,0.275499580090077,1.70844520167689,3
569,1,0.878123271340318,0.558974650494304,-0.614521976704368,0.537039169611549,0.72994228859856,3
570,1,-1.04522463681112,-1.42370959227339,-2.11635160712611,-0.0725769000089363,-0.133597923696481,3
571,1,-0.0508765402218343,-0.360809044346852,0.467918977970307,-1.67649881168499,-0.728241716267478,1
572,1,0.324511525390952,-0.0151313608919885,0.0653053450613211,0.857891311278343,-1.244152098114,2
573,1,0.264161150687056,0.774237693914114,-1.26450935517755,-0.589011063275589,1.01664655611527,3
574,1,-1.02135905857895,0.00217187702987703,-1.07909048163865,-0.450211771112384,-0.65490539163666,1
575,1,0.951787620942655,0.111471900953836,0.130785820278364,1.64334933705355,-0.326024139077255,3
576,1,-0.973382012452488,1.03603921990192,1.28577893097326,1.28941760648607,-0.788440829346737,2
577,1,0.393049563520349,0.749702975456571,0.556485296465676,-1.68561269461088,1.23791099990638,1
578,1,0.0370549509511303,0.274730601651449,1.24613638047465,-0.260935490919265,0.504005992326429,1
579,1,0.372103314172061,0.0518349134966874,1.00538076217783,-0.0374039259013732,-1.1237722415356,2
580,1,0.558713683771655,1.27540357702788,0.735138176715909,-0.103528117786371,-1.00205163058683,2
581,1,0.478080748022433,0.733631970828001,0.379854010819327,-0.404638412873551,0.323912806912832,1
582,1,-0.265574488467446,-0.187252120157228,-0.216089255737957,1.83137372531575,-1.11088854034093,3
583,1,1.29272448557484,0.715134869151298,1.24873395591808,1.82101041782538,-0.770963538216948,3
584,1,-0.059586094868894,0.576728428762048,-1.49998627253885,0.591664925712159,-0.623135447493078,3
585,1,0.000328251708648751,-1.32889729102322,-1.3610060981916,-0.339718339450241,1.21244246104169,3
586,1,-2.44829384528379,-0.423983199345304,0.427423786522099,0.487965561692946,-0.828705240751161,2
587,1,0.00249898908850466,0.419961447944619,-1.29203496824566,-0.910177836705457,-0.900362454598799,1
588,1,0.660475183262424,0.0313079924122062,0.173332122142187,1.17085654230123,1.15270394774182,3
589,1,-0.63333341684251,0.341585817432518,-0.153452211778576,1.17855682315734,-0.656142414361654,3
590,1,0.863228250076716,-0.993341610002357,1.06355763354106,-1.64631723591904,-0.630755082076189,1
591,1,-1.48881306225342,-0.329143061576343,-0.829610305789677,0.102728092248193,1.02628668211463,3
592,1,-1.16589653340783,1.12974445907823,0.718034886417554,-0.904009200066576,0.724162645734102,1
593,1,1.2507408807486,-0.538570329485103,1.22228767348682,-0.221940714118323,0.946963855271992,3
594,1,0.358798777188615,1.31318812039324,0.313572103324411,-0.0646470366761484,-1.55349223714553,2
595,1,-0.601765254875243,-0.668140782010097,1.41329218973658,0.218004766155306,-0.668328213749694,2
596,1,0.812502396694215,-0.0872367983615547,-1.94517223809846,1.42998542900296,0.175819809145145,3
597,1,0.301495443004744,0.683303927897005,-0.170407854570967,0.00134852102577795,-1.64367311889868,2
598,1,-1.37222982001271,0.00195495228321085,1.01017912570982,-0.798018692916306,0.104889218879825,1
599,1,-0.553136720886892,-0.19430875347001,0.791582584574377,-0.6300247306916,-0.0968609446060237,1
600,1,-2.88437339311021,-1.34523896616455,0.0673999447895352,-0.354694160849194,-1.78488836310191,1
601,1,1.61570365458653,-0.120228613567171,0.440794406572288,0.337509174477443,-0.387476240039131,3
602,1,-1.04020838547949,1.1334087841057,-0.967857363256452,0.72535440764882,0.9654767922535,3
603,1,-0.0151310372841269,0.0261346799642211,-0.11388327521016,-0.929445248582181,-0.550083921678438,1
604,1,1.94898194244931,1.46828348568918,0.0961229427700254,0.594569384188682,-0.988893114365743,3
605,1,0.380892713736792,-0.659570102625733,1.23326063021426,1.74842374106947,1.11163057932351,3
606,1,0.488908281376033,1.9985388288087,-0.191492974971814,1.36900925296347,-0.133728650633425,3
607,1,-0.588221992568284,0.132070743596529,0.239148567709284,1.64478872069866,0.493719139312023,3
608,1,-0.772537464821685,0.107364901912759,1.45838106359514,0.905604261656257,-0.441872972428405,2
609,1,-0.540162461128922,-0.780347653664729,0.441164787259501,-0.850386602393124,-0.0854324551027222,1
610,1,-0.113777200535384,-0.486863429262665,1.35606772535956,0.412657191624724,-0.366709096765583,2
611,1,-1.29994165444339,-0.528739872195008,-0.327139861093928,-0.457522999471948,1.22790388937108,1
612,1,-0.0371978527172927,-0.476919312982354,0.857780228907194,-0.702630415355045,-1.97850347614259,2
613,1,0.928269286139268,-2.73355802283471,-0.806015102552016,1.47785351252196,0.687239404385445,3
614,1,-1.72584608624385,-1.20717185099992,-0.41548009140849,-2.07385742879115,0.518992288983556,1
615,1,-0.269773436139152,-0.527572489618569,0.532261527008597,1.03917447857358,1.2322914535301,3
616,1,0.248243737381672,0.170237580979529,1.65560176628259,0.903213045948663,0.829281162873553,3
617,1,0.277279016479447,-1.14917165468766,1.24494510309351,1.93071750492157,-0.776177582430707,2
618,1,1.43344804996034,-0.920381946328912,-0.0294335912391236,1.52765793428393,-0.0843224522231629,3
619,1,-0.593228250965117,-0.946075305684912,-1.14872017783276,-1.39927037717142,-1.19023320187232,1
620,1,0.333477343288189,-1.77623299700062,-0.642176134670315,0.945375939528361,0.565873758009133,3
621,1,2.08224196599779,0.0146317174925709,-0.362793389452727,-0.403085605751163,0.16372184358335,3
622,1,0.162922285477277,0.456441667837381,-0.313667736504664,1.23830269705607,0.840895233046065,3
623,1,-0.278886886446769,0.346947821901714,0.375520144769144,-1.34919390476961,1.30504075384403,1
624,1,0.523272006229127,0.534113705653119,2.35656000577403,0.459298574887632,0.530796497295677,3
625,1,-0.162933857855251,-0.605512241977978,0.93860303424502,-0.588661169788716,-1.52011585194972,2
626,1,-1.0249645412076,0.533320712684494,-1.52558967275676,0.292816890190831,-0.0233905692850111,3
627,1,-0.192318860786374,-2.01851595502449,0.659417809741026,-0.29876421895747,0.445249922534737,3
628,1,0.120707287360438,1.5969150109229,1.49233616443477,0.0853212997605088,-1.43735470237172,2
629,1,-0.47132987031752,0.358357898151791,0.418149362039844,-0.459974103112259,-0.823496176004414,1
630,1,1.07766428990338,-0.697824166420355,0.24876767479782,1.32630243691501,-0.725371002004769,3
631,1,-0.0721887026083523,-0.361794957859422,0.260639681911061,2.18339339366268,1.12267364394223,3
632,1,0.046611131517546,1.03555412963979,0.907144226138954,-2.22635090120312,-0.0379164459464468,1
633,1,-0.243590451000317,-0.0820812328061977,1.00837234657685,0.363279336213702,0.778559735134052,3
634,1,-0.167371707394504,-0.56911719500107,-0.786409480425387,0.204277004364078,0.287366417591639,3
635,1,0.244624287823862,0.519330880650918,1.19890807490533,1.19793549659618,-0.510751977924615,2
636,1,-1.43186484177522,-1.04651469890542,1.25665786078413,-1.09098022927831,-0.465047827255394,1
637,1,-1.28143134775164,-0.0737998379045146,1.19870054702225,-1.82151849073361,1.18826933986423,1
638,1,-1.41118935748419,0.0637783656695207,0.499739565457157,2.43051521725679,0.301588851266485,3
639,1,-0.666762266080087,-0.64088902783106,0.957366831433928,-1.81842844052923,-1.16129206532014,1
640,1,1.39512649197641,-0.716021435842018,-0.192718258972982,-0.351176712605752,-0.227746944439892,3
641,1,-0.147840238556876,-0.0763161273614757,1.34902043614904,0.96709814057943,-1.37308313531585,2
642,1,0.110509920551219,-2.28219123899934,-0.399318575463463,-0.744055309360887,0.0608572926657966,2
643,1,0.697770083065412,-1.39249641121702,0.414501795178401,1.88451349282757,0.788197432781147,3
644,1,-0.463674952877807,0.663290289830785,-0.199421112334334,-0.298616356279649,0.127115408426606,1
645,1,-0.952021699550814,0.946478264275018,0.391199580745238,1.71468239608495,-0.1530601643045,3
646,1,0.531057019989617,-0.364650065082073,1.95312725054624,-0.743141582938251,-1.07061621969979,2
647,1,1.5995102991905,0.0363859524703356,0.0241376136153497,-1.37150452871281,0.241996711801694,1
648,1,-2.26208769904564,-1.51415878684189,-0.169607406537476,-0.375603621243061,0.106948593206679,1
649,1,0.477144450822507,0.74258971012779,-1.17711560906188,-0.919083021637661,-0.250151811950543,1
650,1,-0.151824789977329,-0.78188073756221,-0.644577753130129,-1.3213636471923,0.473157879363047,1
651,1,-0.262176272130598,-0.284878093849643,-0.791278945327006,-0.609033889894014,1.31000642300068,3
652,1,0.608663269732314,-1.34276092779063,1.65661903372669,0.13148300581641,-0.362344434472776,2
653,1,-0.208309293853678,-0.68046835428532,-0.47734663400033,0.27695991522558,0.142732167917956,3
654,1,0.696270139598657,0.613840153425667,0.188872557407197,1.19037719367272,0.345896899440517,3
655,1,1.28363200584208,-0.0888313278727774,1.40018437140384,0.0333380027664205,-1.40030426264911,2
656,1,-0.537836034815625,1.1829702907546,-0.677025026447875,-0.96482467298174,-1.18473645890297,1
657,1,0.612282605505462,0.539298613302611,-0.876219618507657,1.94891200616043,1.29172838348326,3
658,1,-0.449161748066033,0.221268127370949,0.394599766617184,1.82036708791014,-0.783352913156307,2
659,1,1.00046077421434,-1.00795281719702,0.396730895506086,1.57726149452416,0.358262382273395,3
660,1,-0.740203989916011,0.143404236158338,-2.46988294122098,-0.657608735224865,0.118168687445681,1
661,1,-0.130367392930207,0.0324601765433198,-0.0571031829144921,0.716695883920059,-2.31080144349876,2
662,1,0.576081512406945,1.2221259703219,1.07362903466053,-0.858156927905038,0.653382422528339,1
663,1,0.311074996410676,1.28498563998339,-0.454069437130237,0.425966447889103,0.316420406216357,3
664,1,-0.0288566703043095,-0.87179923982479,0.0451897407227665,-2.96452191961612,-1.17346301580127,1
665,1,-0.213414035315872,-1.81751267474017,-0.221745407164779,1.46299449916318,-1.27891230397851,2
666,1,0.800719957315306,0.452874027546347,0.143316758519212,-1.05742121482081,1.74015215609882,1
667,1,0.773875067438897,-0.362258958472232,0.890953846493384,-0.998591747085106,-1.149706892707,2
668,1,2.68033913325504,0.773211162023414,1.33389497471144,-0.10394299407982,0.917268095991354,3
669,1,-0.553439231082993,1.01500955513305,-0.374459345706741,-3.35350911986211,0.000312966983257056,1
670,1,1.65503215702745,-0.340669221593679,-0.872591620413224,-1.6578065556951,0.83258067277486,1
671,1,-0.886563903517643,-0.875286654846274,0.249021153417554,2.07515351150068,-1.15779619144098,2
672,1,-0.0631066625271591,-2.58656338808303,0.743437959436112,0.273129197720796,0.320368969432392,2
673,1,-1.32560835471469,0.652333951243317,0.610291666493657,1.80452447401233,-0.154173679612214,3
674,1,0.440264580373933,-1.628936101418,1.61291554997299,0.701717236796139,-0.917368732887018,2
675,1,1.27417795479891,-2.21444271470342,0.134511187458271,-0.42669520403499,-0.0806057272504254,3
676,1,-1.13685386141277,-0.36049052812738,0.321452464126801,-0.094079745866069,-1.59589527513443,2
677,1,-0.343012039251876,-0.849306259936976,0.274321525165302,1.10486625325488,1.19688978905167,3
678,1,-0.680445789017469,-0.326014113559905,-0.885618410574135,-0.543707960768638,-1.83688296896063,2
679,1,-0.278839462016713,-1.10186483458386,0.287198172037911,-0.711388879516741,-0.144488051729967,1
680,1,-0.177279380179016,1.22659514271103,0.666871883760684,-0.449745121452741,-0.604295649403896,1
681,1,0.256661042940995,0.83385485970569,-0.346937394063405,0.16446212731892,0.406787192400035,3
682,1,0.0170093091144011,0.0699522569777103,-0.0783209904067874,-0.0440651533725134,0.287867775938823,3
683,1,-0.8653757121184,0.149467778127429,-0.915759533743284,0.0397390626719969,-2.74532890235034,2
684,1,-0.806422010182953,-0.411449993403116,0.269225332145143,0.680947791032929,-0.749406280156377,2
685,1,0.271468243743152,1.75590252246751,0.649058346202742,0.839213844262694,-0.330454496678279,3
686,1,-0.912116442390047,-0.483479687874314,0.367929394742271,-0.898764716382998,0.0898566291091999,1
687,1,0.394386212282892,-0.223133304425346,1.49969681944692,-0.159957696636547,-0.615242009175878,2
688,1,0.163155973114462,-0.0370087699431844,0.863910576367042,0.558749150921756,0.852832053154707,3
689,1,0.026549734709887,-0.427020831482218,0.208700798261057,-2.0241450026478,0.981900665112074,1
690,1,1.16350836275396,1.60649943330396,2.04028779482435,-0.741790227945578,-1.22833406594813,2
691,1,-1.08860839921395,0.893377835729471,0.715292431885546,1.55493370060365,0.910952206735321,3
692,1,-0.321245460688729,-0.71699402331396,1.09904324109898,0.257771583075982,2.12744207876502,3
693,1,-1.18951291689093,-0.117546553630569,-0.555688526380479,-0.462528600616775,-0.555003541022904,1
694,1,-0.70739949708042,0.703156710701649,-1.64629626199511,0.332472494618074,-0.809000903201238,3
695,1,-1.54176432949819,0.871133422214704,2.12150913595436,-1.1379076042548,-0.843295664586474,1
696,1,-0.459806992563081,0.809012104407863,-0.606660666387384,0.5746000145352,0.737877740153001,3
697,1,-0.441913053144151,0.746940768385221,-1.40918593183518,0.533171027233896,-1.23501496462981,3
698,1,-0.713358785905468,0.752666224690559,-1.10681233521257,1.76301623150356,-0.658313676649309,3
699,1,0.421383703977844,-0.27258803944962,-0.549372262506772,-0.922731117846206,0.522523439355075,1
700,1,1.02202831944151,-0.777122456645552,-0.7630041453632,-0.875093886333385,0.17694259120401,3
701,1,1.09171492695265,0.350554060958298,0.7269943761871,-0.816425039128644,-0.477428409661618,1
702,1,0.735766187762601,1.27558210858654,-0.316991479172598,0.720141336175712,0.521647756890317,3
703,1,-1.28423178706446,-0.510173824446393,-0.312406088617536,0.938633149415472,-0.00506245232842656,3
704,1,0.521288928617129,-1.13090050276225,-0.933126808093143,0.426962250009036,-0.392158574165791,3
705,1,-1.55045876056577,0.345164105258509,-0.485682377932237,-1.80372446547104,1.69554273150971,1
706,1,-0.447410478919993,1.21596818319512,1.09679053421773,0.457039638777162,-0.641880054814856,2
707,1,-1.30020670349243,0.00718036007994333,-1.89537228596458,-1.24584956295836,0.825945706047401,1
708,1,-0.622258657485282,0.359320553833043,1.58852576565471,0.000215299365588466,-0.330957417909396,2
709,1,-0.16140873267126,-0.815053763998219,-0.366187304729173,-1.76899002514392,1.99581139998958,1
710,1,-1.662143574664,-2.39655748506562,0.24702334170434,-1.03236217006841,0.329072300411233,1
711,1,-0.153690243969439,0.832037854370572,-0.0623858087262372,-0.470642105339556,-0.409287307708968,1
712,1,0.43022579984779,0.598770563247738,-0.175598149493595,-0.0661707862884226,0.128993249585087,3
713,1,1.17894430042909,-0.469155300715231,1.69740621894778,-0.798194752115175,-0.658800016819059,2
714,1,-0.478694091734911,0.151660224684633,-1.99305303785279,-1.7969487456847,-0.149128590700694,1
715,1,0.401422142653586,0.27634123400193,0.47686616230768,0.872462367362422,-1.96695985528532,2
716,1,0.534339027926902,0.922358268221007,0.424334084636972,0.674794264744812,0.772600763172373,3
717,1,0.690212251835389,-0.574290796790774,-0.689806685492021,2.6899428155633,-0.767412936044112,3
718,1,-0.547615432519115,0.67009090048231,2.24423978540609,0.721560072746498,0.44364425210392,2
719,1,-0.320359016489325,0.393291714821792,-0.243024959309571,1.33055100888456,-0.462640853194374,3
720,1,-1.61708434253373,-0.508930518119669,-1.30072756700283,1.63350503874927,-1.96474109550563,2
721,1,-3.0528007113622,-0.0133862231329099,-0.189246518410241,-0.603969577675851,-2.97699165185507,2
722,1,-0.573585639085391,-0.599208705413707,-1.68123408382981,0.246687750405645,1.54111503824343,3
723,1,-0.979051137283788,-1.37444416065843,1.74714585692615,-0.941652857165844,-0.224137037638994,2
724,1,-0.23711734568862,-0.358185749378015,-2.0477811641852,0.33418415039932,0.24126374451425,3
725,1,0.568337002714018,1.55225235735783,-0.0491952560241163,-1.88921644595068,-0.541240432132845,1
726,1,0.413862013003485,-0.673077837836484,0.779365182287016,-0.31254821641333,1.0147069864619,3
727,1,-0.778113990304885,-0.333758436848503,-0.553104244440641,-0.928551933425259,1.28106775818291,1
728,1,0.30494335776773,-1.280407852505,-0.469817708816785,0.927130132604371,0.939102499667739,3
729,1,0.0385634050579286,-0.0582229371602949,0.741055443798186,0.418122383275199,-0.265845118020691,2
730,1,0.249220272748359,0.642554945524399,-1.6965967989933,-0.367931208211534,-1.07383348288226,3
731,1,-0.392741611938886,0.0430488880972326,-0.32655561021101,0.609371428812348,-0.465690377635716,3
732,1,-1.09020090328467,-0.0645764950621351,0.443485077312968,-0.628072292245394,-0.219441389540588,1
733,1,0.671415711759625,-0.266551803275533,1.7851876775039,0.0890285739877544,-1.04455788421635,2
734,1,1.69210971096587,1.64633572770975,-0.247371781973774,0.550363283459799,0.775367362227158,3
735,1,-0.359205438069305,-1.65346987978138,-2.581397803292,1.25780899041812,-0.407088225647891,3
736,1,-1.65742028562371,1.48728145896802,0.470077372910334,0.585167732561752,-0.114146485175185,1
737,1,-1.02833080114058,-0.363276152105381,-0.396732760099654,-0.113900031064941,1.05450812539341,3
738,1,-0.19628892236834,-1.63311838830366,-0.797078697181331,0.678614371149869,-0.513310848391806,2
739,1,0.267042297908563,-0.741681186544324,-1.85210815636939,1.07298288660222,0.751656621358259,3
740,1,1.48486275211389,0.839733469282694,0.517513549816169,0.10952864997254,-0.546819384204898,3
741,1,0.45548914955479,-1.0463945656008,-0.202785939293505,0.0905176917422364,0.0488577815276545,3
742,1,1.33261917317949,0.0825837191194329,1.94517286592102,-0.844509238475297,-0.0674365527437555,1
743,1,0.362499361536424,0.907368350657361,0.995304653696834,-1.78471737055104,0.218274027232088,1
744,1,-0.718599206484879,0.492129126936982,-0.44873663535123,1.23298624434805,-0.653185912337058,2
745,1,-1.85306688707996,0.285461731138015,-0.468065201555368,0.0402899150902651,-1.24378545382601,1
746,1,1.39176532460762,0.259932987989543,0.158253645700437,1.32484316937121,-0.820735778895485,3
747,1,-0.696305704322104,0.0508886606815623,-1.16976747933727,-0.975686755641333,0.180404480803907,1
748,1,1.6124272110671,0.640503616171996,1.0485068811999,-0.50492129981153,0.12019158778047,3
749,1,-1.20246012992856,-2.01299666134381,1.14889981596589,-0.165301909695869,0.844342577376956,2
750,1,-0.122900127373252,-0.908633895425907,-0.986604729611703,0.434184338717787,0.950757818687054,3
751,1,0.297906373360737,0.00639351349458978,-0.128560109157334,-1.08887109533845,-0.749078518981001,1
752,1,0.780255604625137,0.8468668621772,0.158332705678605,0.72216389489476,0.323272135269181,3
753,1,-1.19295996802632,-1.39902912752895,-1.64672149889234,-1.25896140785108,-1.18353499714668,1
754,1,-0.619123602143641,-0.999317205427135,0.160243003092292,1.04858004929465,-1.69971344375182,2
755,1,0.298891281636064,-0.813480432573839,0.0749556029279963,-0.0137033907953955,-0.263560022155017,3
756,1,-0.126308108009208,-0.873966190110271,0.943305948267129,-2.0161868944759,0.0741295198561925,1
757,1,0.588413036175073,0.998000864184067,0.0783154172785025,1.49350815997945,1.20311613853111,3
758,1,0.0243296792718381,-0.375064637565573,0.720351987182038,-0.648357498822156,-0.12656467152593,1
759,1,1.37120665527751,-0.873688916084057,-0.257212190039512,-0.843784387603058,0.916184925601378,3
760,1,-0.603577550460394,-0.704579680514117,-0.266763608882282,-0.390382509569642,-0.731532538896802,2
761,1,1.1087665842759,-0.400160122771159,-1.06464974904591,-0.769113197476282,-0.659315733216661,3
762,1,2.45347032033747,1.4381035413086,0.934049207767992,0.406455200857943,0.0195003735123425,3
763,1,-2.31959858695982,0.770350340941008,-0.740890815475756,0.831496975404884,1.91802370522911,3
764,1,-0.258237632452951,0.0350408104876665,0.529702819284693,1.41253566070799,-0.591673521090088,3
765,1,-0.200751057446554,0.386316404660994,-0.120558685024276,-0.0576722742699297,-0.436150664589623,3
766,1,-0.394453079847826,-0.936623336091189,-0.749357358121511,1.12735083007767,0.248807359763413,3
767,1,-0.272461170551763,-0.0432778981730115,1.20460402765924,0.683507196787348,-0.902411430430565,2
768,1,-0.800855816812529,1.16550852776118,0.176031912053995,0.164997081808282,-2.39672408403185,2
769,1,0.0396483554423884,-0.377081411298163,0.145218291102418,-0.50799468036719,-0.191765544831021,1
770,1,0.74814082104037,-0.361980054446683,-0.828070233331714,-0.404013405891997,0.255351936755809,3
771,1,-1.12725201652568,1.28310068030223,1.77308719932836,0.529316651188083,-0.117931004374066,2
772,1,1.52666262368696,0.130533082906831,0.271072267116575,-0.147234812764264,1.15155746070413,3
773,1,0.252973677546085,0.219196649314596,0.535640057164447,0.348527098692911,-0.072337810728478,3
774,1,-0.347818517949709,-2.32101001814143,0.570387774134381,0.706880503331578,-0.875006439117748,2
775,1,-2.26291729371672,0.621405634712687,1.07235415292027,0.841121603257001,0.0188775590418003,2
776,1,-1.23832250141382,1.38855442236746,0.753107161846486,0.331084988655487,0.428503712797394,1
777,1,0.742313486468003,-0.907669103016736,-0.792087651612248,0.00727330460490609,-2.006602263034,2
778,1,-1.84713716445834,-1.73010847093373,-1.47421610867331,-0.540262213380159,-0.986576318827362,1
779,1,0.0253961224956403,1.2076305216331,-2.02188537522524,-2.33590498839596,0.93769365025961,1
780,1,-0.219405310814554,0.765984290760504,-0.756774300458033,-0.601199052908017,-0.77905929598573,1
781,1,0.164122216524218,0.290509009182787,-0.182156464655823,0.19215373514596,0.688628081121107,3
782,1,0.24580026809366,2.30797823312881,-0.520243783711903,0.182157922805672,0.682665404473435,3
783,1,0.286018988565853,0.750361934640603,-0.402272666075356,-1.2175196343331,-0.857532294421245,1
784,1,-0.151925483360419,1.92588810815528,1.10472461057461,-0.724489463087231,0.841383175325789,1
785,1,1.05845174883136,-0.62217811302752,-0.4486108038468,-0.739883445589907,-1.29822095109614,2
786,1,-2.29006501023948,0.335868018287865,0.58174855140768,-0.121052090665499,-1.60901801161533,2
787,1,-0.733503197498596,-0.159847751968337,-0.640181483220968,-0.611274557444933,-0.157084936823985,1
788,1,1.18602702888509,0.159673265690364,0.291073756482189,0.818766498804103,0.230414926705637,3
789,1,1.08638959295541,0.703869447519564,0.272442745024736,-1.47255782741886,0.100525093205816,1
790,1,-0.605716971329922,0.115361687362591,-0.0471044405419721,0.404963321168531,-0.236523091068288,3
791,1,-2.13395066910422,-0.993951689181401,-0.43768567892048,-0.11555880209284,-0.135662992072002,1
792,1,0.938385722735815,1.93208218606526,0.325330558893877,-0.00751285414868006,-1.17372918059238,3
793,1,-0.848091816337543,-1.78453997275435,1.2699973970245,0.697155019922869,-1.51022482853507,2
794,1,0.125051091191898,0.928614898850388,-1.14851655091901,0.989391839162707,-0.753500929905973,3
795,1,-0.527773766417026,0.466346583637115,-0.389591131387429,-0.618370155176579,1.70469055561836,1
796,1,1.22006050539703,1.66582678506862,0.854009980541164,-1.84103026615423,-1.7437686757019,1
797,1,-1.15586857992747,0.703899068133838,1.7967618785639,-0.0723395419392615,0.199610297035871,1
798,1,0.0348864303345692,-0.375648439168202,0.0797438383493808,0.25416035332311,1.04689289450228,3
799,1,-0.779444313466756,-0.850289863757209,-1.43042703412444,-1.49870757116455,-0.918337809367426,1
800,1,0.126148823641709,-0.208475592926831,0.953069604104518,-2.04962638078352,-0.451747869956326,1
801,1,2.24963952302732,-1.16931548613271,0.235245143165986,0.00805969298582316,-1.41305585482225,2
802,1,-0.997277019348131,-1.09281182066047,0.00250109165956725,-1.86783419812794,-1.12605854297444,1
803,1,0.255704362007546,-0.225835802859618,-0.790627430504083,0.0962061682401521,-0.101085364505481,3
804,1,1.04415168387521,0.0496717327242936,1.67164076067692,-0.153248679227772,0.551593813948882,3
805,1,-0.490322560153383,0.947732414701969,-0.0283266346793005,1.23467930852961,-0.430135886694913,3
806,1,-0.863474889538881,0.0466991059613625,-0.824207723291457,-0.559359376898154,0.165814832373365,1
807,1,0.520871429692117,1.07729510796204,1.24063028655068,1.31343150634279,0.109736412130369,3
808,1,-2.29702627778397,-0.41442954836537,0.107117330826879,-0.723948896846923,-1.3994998808312,1
809,1,-1.74503502399728,1.46359015094079,-0.0853325096870202,0.532986323473146,0.456263054923061,3
810,1,0.477133750288633,-0.364316422830705,-0.0307426697084768,-0.820882946328272,0.353337220036927,1
811,1,1.94211396266087,0.478629262482861,1.79398852281964,1.09289257606843,-0.293444912901998,3
812,1,-1.1369846788206,0.286754955106765,1.30351853620121,-1.01927916940143,-0.0972922345268278,1
813,1,-0.0404830150996892,-1.4800028192094,0.867066894232539,-0.879099196938564,-1.0184290905438,2
814,1,1.1672627379348,0.64780817625515,1.85581704584067,0.305357777565502,-0.530779289519107,2
815,1,-1.27806827268462,-0.525190604855097,-0.203509419606366,0.850097376454179,0.894118315370163,3
816,1,-2.11717637454712,2.33175836544801,0.557130444697227,-0.733369624917709,-0.946823503567899,1
817,1,1.31298344843104,-0.186395769689088,-1.66700025346539,-1.09010888933995,0.402974307617902,3
818,1,-0.91409502645782,0.245848707782695,1.61064679160748,0.0913861036748861,0.563315100820341,2
819,1,0.877643290691995,-0.844390464726548,-0.275097405697582,0.0844472038970579,-0.0857660875671521,3
820,1,0.617556251924043,-0.0750333040957196,0.019061974324604,0.038396270974247,-0.772575999867566,2
821,1,-1.53424382781037,-0.173554692132944,-0.51050148693811,0.944263353320262,0.329221540783527,3
822,1,-0.660932585725521,-0.125008309407588,-1.34246010092413,-0.653162224575905,-0.23301009431658,1
823,1,-0.0113551964553015,0.304707398647998,0.842326044764068,0.19027085348692,0.588672925767571,3
824,1,0.239623971470929,-0.273197832288708,1.4089098111887,-0.635328197741822,-0.395713008101382,2
825,1,-0.732035234348041,-0.702249084886576,0.789181128335074,-0.23445532617407,-0.694664912184829,2
826,1,-0.177891827630355,-1.77581844958479,0.520534785644744,-0.398516441002886,0.204600840568608,2
827,1,-0.168315873650582,-2.20130104256875,-0.349227187291853,-0.0728212457972511,-0.500052322305154,2
828,1,0.182633334852079,-0.123251895819497,-1.22245014976755,1.25909722574996,0.559264082208631,3
829,1,-0.439442518925629,0.101491538651791,0.606664404004252,0.258430078570302,0.488566435847529,3
830,1,1.19664886132751,-0.76099418314101,-0.214884220308789,-0.736026840608098,-0.271141173413873,3
831,1,-1.19501747954682,2.00769041512256,-1.62962250494433,0.287025996104667,-0.506289007739263,3
832,1,0.451819249391616,-0.28701849992781,-1.28796403880329,0.147192009596457,2.34473722315695,3
833,1,0.352891586647164,0.62186291314542,-0.72142811548234,0.581568108254549,1.30629445911763,3
834,1,0.646573405565832,-0.984713124339911,0.192484358084311,0.140730852482233,-0.832817458216706,2
835,1,-0.164218858665563,0.850516954539384,-0.536755950193244,0.156952921851249,-1.42132565032297,2
836,1,0.445088377789082,0.155142672379437,-1.10100719674543,-0.46322277989211,-1.02930840849751,3
837,1,-0.521161570812553,0.314065828188832,-0.60897818526626,-0.00045565921117857,1.33375868889686,3
838,1,0.913244551703399,-0.166069135050353,0.844227949173486,2.73932050731835,1.46190572508825,3
839,1,1.32762664561477,-0.289949391020213,-0.0245300925323634,0.173127131115532,-0.133892596234331,3
840,1,-1.39882653724457,-2.29436864486518,-0.201455190384499,0.163174596167187,-0.573822795705368,2
841,1,-0.745412850022878,-0.182925858153273,-1.17888713695636,-1.27402832226949,-0.889975462822313,1
842,1,-0.120877229721403,-0.200095688081955,1.86969928886747,0.17272080933816,-0.284946426863527,2
843,1,1.73366067526787,-0.741034327290042,1.55170861348996,-0.912895662643276,0.414411096269876,1
844,1,0.142323912644857,-1.93438479554036,0.888243975458412,1.86187438612642,-0.0624380386718252,2
845,1,-0.324580944078695,0.448998949444731,1.09141628581743,0.668964866430179,-0.792676422432662,2
846,1,0.218478520312723,1.93390576569397,0.663348511548516,0.97233366494862,1.51004245168737,3
847,1,-0.138345508010204,-0.287982539955219,0.855285049879422,0.433051178392268,0.429330756748764,3
848,1,-1.9116127598427,-0.912664049407366,-0.711913990427522,1.54219710297466,-0.255590279390918,3
849,1,-1.12789129623592,-0.922968052488635,-0.98387135370368,-0.251357700283492,0.239301435640051,1
850,1,-0.0222799879860371,0.0796801844947425,-0.134129917304546,0.808490436943191,-0.011966509839835,3
851,1,0.0862845295643235,0.96152789002555,-1.40997675081943,-0.00888072450028319,-0.106517357549305,3
852,1,0.385578802850486,0.194036464853358,1.18561448107712,-0.832375755764983,-0.361454325866577,1
853,1,-0.758813631078508,0.861076988681102,-1.0246223311406,0.306760937991367,0.113009720514151,3
854,1,-1.72344597720713,-0.193319126712807,-0.940647189996222,0.370703562531284,0.238252620874022,3
855,1,-0.517136305974767,-0.194078855862495,-1.06823373342469,0.0335212567489917,0.156557715075509,3
856,1,0.0731732320679277,-0.949337914697219,0.861522908387183,-1.6219035536052,-1.11130645436842,1
857,1,0.219527952499715,-0.610427152169383,-0.765002784770529,0.910854720910536,-1.23851340090956,3
858,1,1.02061844626496,-1.21121370800493,-0.535094435893919,-0.134976312257904,0.883060302957068,3
859,1,1.18629467393856,-0.744318866796334,1.36624096574675,-0.582132445141236,0.127297793120918,2
860,1,0.970534354364121,-0.549820745223564,-0.675261977938225,0.528176929603706,-0.34422940507342,3
861,1,0.359999145202209,-0.807686211583658,0.24751406980238,-2.64618829641449,0.956974468655084,1
862,1,1.17576710030249,0.950202085480298,-0.527127190866569,-0.0335609840815443,0.965077261607988,3
863,1,-0.00292688533416615,0.585338254572345,-1.75371823543919,-0.362084588383266,-1.55749753125972,1
864,1,1.00482714331358,-0.211428109680826,-0.697390278133959,2.09039504437323,0.643732631573026,3
865,1,1.13399795225529,0.0497329578542259,1.21776964032812,1.59138084213785,-0.0777054418281401,3
866,1,-0.297119660566719,0.939791046968176,0.903613814611147,0.552683059850316,-0.309152696868329,2
867,1,1.67282942354134,1.08495650008958,-0.575921499403259,-0.610385047832216,-0.150032663735823,3
868,1,0.0569754661675853,0.214006314133956,-0.371495904175299,0.958937104443033,-1.12697070093241,2
869,1,-1.01151036510506,2.05799092557772,1.00599883968404,-1.23737636959195,0.722132210679569,1
870,1,-0.32279501248368,0.560620096267797,-1.04215459731658,-1.75072853566981,-0.576643583701978,1
871,1,0.474181433635365,1.41744365304034,-2.66033451908094,-1.99917328035574,-0.418811635200206,1
872,1,0.779421825138352,-1.97089253795622,-0.316748698354776,1.55051879010635,-1.75331839860045,2
873,1,2.41625842656491,0.734741808887171,0.191601839325223,-0.0878384684074828,1.19683060463665,3
874,1,-0.774910818469421,0.637045779147029,1.49047229265227,0.164167923949055,0.839025621576369,3
875,1,-0.0443236859119321,0.0728796863454765,1.18383378478355,-0.061278455022355,0.37820927123848,3
876,1,0.103129909754971,-0.0510091866102706,0.191496056715764,0.399883396084879,-0.920849806630876,2
877,1,0.069401601549138,1.07441636776243,1.0868143759071,-0.21064055855982,-0.132194817706747,1
878,1,-0.116465788144822,-0.703372814136749,0.0281998864251567,0.985791765236139,-0.281492460633176,3
879,1,0.534354120909126,-1.3381832391252,-1.59125748973066,0.774197809966642,0.40248864383317,3
880,1,-0.0702635837786802,-0.600014167913063,-0.644758563538413,0.87570060219942,1.11153529938525,3
881,1,-0.329521162179892,-1.09721375432741,0.306432284671499,-0.722562388090502,-0.314372081310402,1
882,1,-0.687655484915081,0.428268478209515,-0.92319850444399,-1.17586880714238,-1.58009861575454,1
883,1,0.197765157923806,0.947109929993846,0.443792935870848,-0.520361392774514,-0.331866344038783,1
884,1,1.00324894932419,-1.34867730078646,-1.46632495712439,-1.54841666434018,0.482254270873721,1
885,1,-0.237567188279085,0.727726166974057,-0.480289354118224,0.289783628185127,0.160879124057364,3
886,1,-0.247675832662684,-0.836833161037265,0.856250170249832,1.23252695170157,1.1223866560158,3
887,1,-0.275788210199565,2.77112528925853,-0.404739476649575,-0.549144061055331,-0.151525519577795,1
888,1,-0.336049262447489,-1.16450976611292,-0.886893978872516,0.233235895558784,-0.844068280526247,2
889,1,-0.103964380707439,0.21762938133256,-0.606570407361375,-0.274760129030853,0.787886637478577,3
890,1,2.41879126951001,0.959264743461158,0.497533254109509,-0.151536705407955,-0.0955201310938235,3
891,1,0.371827178816763,-1.02070868525896,-0.548319784042058,1.28686369212699,-0.670023732850236,3
892,1,-0.0807966311846959,-1.67629848410427,-1.36358740421261,1.34912110231932,-0.529733826736647,3
893,1,0.531736920258075,-0.420426317992257,0.188782111847212,0.704628533890195,-0.123112412042085,3
894,1,-0.767781011199526,0.491884085253183,1.24372776962132,1.03349723427456,-0.0959643895387458,3
895,1,-2.88313626773769,-0.229878600581562,-1.18315125093005,-0.360515721878307,0.900876640093302,1
896,1,0.605161778018215,0.330635362015735,0.672857106773218,-0.673232750661473,-0.953854528820642,1
897,1,1.81406661721641,0.91374674792853,1.96554342907516,-1.45539083003889,-0.390800435678074,1
898,1,-1.41972385746328,-0.520443088472606,-0.563944303715535,0.754808815341086,0.475160629656175,3
899,1,-1.82186123130656,-1.37395258247786,-1.51966902456495,-0.515364931396656,0.0810486916110325,1
900,1,2.58192595933932,-0.891299129622972,-0.233895983903966,-0.32589364833926,-1.19538978290095,3
901,1,0.440335530343161,0.381329922975857,-1.53285432996775,0.257291637358281,-0.303337743737748,3
902,1,1.17497425576771,0.438508878425962,1.20917540499561,-0.68680833484793,-0.487176073341529,1
903,1,-1.22537976279601,1.39589835965454,-0.0418418791916514,-1.14178813772159,0.607808142907494,1
904,1,0.911756318313339,0.714600269051393,0.298885777839398,-0.104895394853034,-0.31463216494179,3
905,1,0.16956726599022,-0.943044832719743,0.917481415555118,0.29798603368791,-0.162447278500254,2
906,1,0.0745076849062779,-0.376423198949764,0.246283229922943,-0.366544428540945,-0.188966163298102,3
907,1,0.420879323285867,1.64751584803978,-1.37993463413288,-0.427665891434219,-0.0396387055893847,3
908,1,-1.40683508930731,0.861110063745385,0.969389476785943,-2.01800141351769,0.0190331937539908,1
909,1,0.806097155585453,1.73660806524028,1.35343861252206,-1.30118000538698,-1.65383226173389,1
910,1,-0.221305865646892,0.985517186247817,-1.03181678188962,0.883598920367619,-1.4912062073815,3
911,1,-0.440784346961476,0.454635076182223,-0.551139199387482,-0.648189676137648,0.0403247315677575,1
912,1,-0.152771821531365,-0.605023470575602,1.68156649204465,-0.519419593429096,2.46018053732854,3
913,1,0.0395751342699987,1.09316363099081,0.0787365859744635,0.652910324363583,-1.68180996556905,2
914,1,-1.12250062243254,0.631722142278462,-0.382381216980425,-0.952468452731648,1.80166834965774,1
915,1,-0.0892233915245339,0.422641898059818,-1.14938424911392,0.457469445948219,-0.183284541545851,3
916,1,0.48085412339981,1.11766716173323,1.79907962623396,-0.438140764080269,-0.876794650008081,2
917,1,-1.69707260929012,0.473750189757164,-1.04619666099094,-0.0372321280125092,-0.196687780278698,1
918,1,1.82992538963935,0.0261406192650134,-0.621147885973217,-0.548253476293393,1.43626042683348,3
919,1,-0.0466620037785085,-0.837422830591061,0.0165286354227365,0.175227278242462,-0.158812177255249,3
920,1,0.58064376217538,-1.35440496924185,-1.52040251704085,-0.500028303774501,0.20476127715949,3
921,1,0.166857199177955,-0.616158485715237,-1.10453444051581,-0.192648916171567,0.0394550145122394,3
922,1,1.11510983891972,0.0916445243786406,-0.417381756171428,-0.240369440508919,2.56360659831661,3
923,1,-0.645154427177439,0.0190091205431744,0.319926378657277,0.0728209942146017,-1.17597984423611,2
924,1,-1.61592362233765,0.538390267254837,0.874777734896295,-0.0176929874196784,-0.211706752595424,1
925,1,-0.353340731258732,-1.77066916282013,-0.0651793570017226,-0.468001910795594,-0.928328791644538,2
926,1,1.60931271600406,-1.83673412455499,-0.279752582072476,-1.78296785162409,-0.214364658217624,1
927,1,-0.231200131305132,-0.273953627636001,1.52840354732046,-0.381443066521263,-1.13241437765714,2
928,1,2.41941691538509,0.763228409574761,0.280804505027099,-0.17491011108698,0.654582696800429,3
929,1,-1.11764022466349,-0.657122112401042,0.295917523278647,1.5352799165067,-0.536167205436327,2
930,1,-0.550120594335724,-0.841938253651756,0.472519590216646,0.70497969993572,0.210340311243005,3
931,1,1.99229807121541,1.43642386395926,-0.379041156964677,0.44477267885412,-1.82504520094137,3
932,1,2.46963414562355,-0.255016989933135,-0.167026634782056,-0.732544931457211,0.072878173812078,3
933,1,-0.795385697801351,0.323085782333609,0.170085681394394,-0.428690529515746,0.591213749351611,1
934,1,-1.85770439552513,1.5242603167465,-0.663741057769026,-0.817389511950025,-1.01845205054458,1
935,1,1.39222220014023,0.5428893218013,-0.371337555516803,0.689810569053947,-0.917207254118532,3
936,1,-0.0245087954672573,-0.577580211961509,-0.309431952381289,0.806568633586616,0.893201366065897,3
937,1,-1.43016963712515,-0.204428629244262,-1.27564535369146,-1.32148804426261,-0.49986338840847,1
938,1,-1.21637535980074,1.36796418270003,-0.882695899135908,0.115284300839802,1.04644187788567,3
939,1,-1.09626228249159,0.668378710539047,1.44755140644346,0.559860567464865,1.31746957987841,3
940,1,-0.486945982788186,-0.59902307687179,-0.033333467657609,0.087144192465322,-0.780361818981678,2
941,1,0.0418549612902466,-1.39397434965105,0.762194924997683,-0.304956341990989,-0.53021713257826,2
942,1,0.074176615814202,0.730060499447555,-0.171789564608391,-1.10770889564398,1.10626308559212,1
943,1,0.238914717774588,-0.520795959537589,-0.239174674151085,0.447232207605633,0.337113710087673,3
944,1,1.03316996362934,-0.384092474200909,0.314323452180478,0.773371312645821,-0.334481547398712,3
945,1,-1.1071364027681,0.0319217775999052,0.3359904333129,-0.247058311656525,-0.456652463580931,1
946,1,-0.422003647518694,0.794924609197131,-0.499245485095679,-1.1974284028066,1.50629631150428,1
947,1,0.248905690409523,1.81156013431917,-1.23228231037189,-0.249383347502071,-2.58574167796785,2
948,1,-0.129002516988441,0.506764678329045,-0.507606020647217,-0.396457449265739,-0.390304883689149,1
949,1,-0.494654075651614,0.508657588577806,-2.25062078418355,-0.415352218100719,0.932488061946215,3
950,1,1.37267093696154,-0.421393941736733,-1.17123484321709,-0.145627645808382,1.05535087827324,3
951,1,-0.330012957430651,0.741796003141796,0.859055897375538,-0.454977227716633,0.222902191903859,1
952,1,0.0748349023334241,-0.188392817696549,0.510225487765288,1.20321562185468,-0.343043735445835,3
953,1,-0.828723917047822,-2.20984204126858,0.82252724350897,0.22511625671901,-0.189875852380796,2
954,1,-1.32785600043759,0.00594721381285988,-0.477847732709258,-0.672550833328252,-1.63461149241319,1
955,1,0.270389865306033,0.304808505485434,0.26613696262616,0.347110182653376,-0.44287294592696,2
956,1,0.731248630540717,0.864406896192366,-0.212166387244952,-0.0122721251208555,-0.585793213113348,3
957,1,1.33691607705908,-0.217715174856629,0.0560559842085399,-0.0547358797986471,-1.27857225563498,2
958,1,-0.254503313879969,1.18218317468587,-1.57780903977511,0.59184373421542,0.691333049815715,3
959,1,1.26888891731937,0.146845427532744,-0.633659013018931,0.578444118012092,0.167144038086404,3
960,1,-1.19301037422457,0.933113267362253,0.423678431093635,1.51093623514851,1.92095351714,3
961,1,1.27201647423849,0.115623885396983,0.528446635994123,-2.44640300488006,0.655089795422096,1
962,1,0.825041439426334,0.645357744199148,-0.0164829242853,0.413204223361962,-0.650089273139998,3
963,1,-0.618552900935272,-0.762512537858475,0.0722878963744896,-0.881554714820715,-1.50208789992885,1
964,1,-0.761888194896045,-0.294768224751348,-0.416456756501903,1.80397672858022,-1.04535984919704,2
965,1,2.16343931877933,-0.153175905078901,-0.902060364501084,-0.218487210598577,-0.939930805228103,3
966,1,-0.202964002374983,0.987187506383244,-0.366088487837599,-0.531555015481637,-0.55375300160126,1
967,1,1.17544552561609,-0.0272948167523838,1.01579698989896,1.14290681405219,-0.962450175661714,2
968,1,-0.806679301940569,-1.80587498168016,-0.557781651515579,-0.150490270512305,0.663369458820582,3
969,1,-0.139240292013664,0.014926320753023,-0.588905707225425,0.466201413252008,-0.248284940206275,3
970,1,-0.996793557786808,-0.0197229148859062,1.62474881757723,0.0753180321902129,0.0826009660332856,2
971,1,-1.59740748513537,-1.6369883106535,-0.983016635261479,-0.68518402715808,0.385994989879533,1
972,1,-0.241215539473147,0.18921218320474,-2.49882096325641,-0.626303382209316,1.2986778639178,3
973,1,-1.4962649646012,0.0669841228161007,0.966325839208839,1.08862614775278,1.18203254566446,3
974,1,2.44563828601944,-0.315221973740079,0.0189911154487813,-1.44486315491508,2.00550788475357,3
975,1,-0.703053306385974,-0.821730868739626,0.569215670986109,-0.450797879111768,1.52721397283013,1
976,1,0.487767359724066,1.42974936182335,-0.784687231278188,-1.18641863470433,-0.668147073927692,1
977,1,0.379528938914586,0.359946954520018,-0.914060348223226,-1.68666290604921,1.05925604812022,1
978,1,-0.174601501243235,1.27827006917443,0.119785313794053,-0.52645091939608,-1.05739017123002,1
979,1,-0.548398347073866,1.04693152868492,0.716811391134326,0.715037364905631,2.21270384871259,3
980,1,-0.733780813933675,-0.494864677638815,-0.0269684738919032,1.51656150054979,0.31456010081812,3
981,1,-0.901735679426323,0.346261084916135,-1.40054145426728,0.785074223494416,1.26359151852994,3
982,1,0.77812399857304,-1.09004339186974,1.11057259316917,0.66663078668497,-0.91666438963579,2
983,1,-0.186030777729329,-0.680591475111481,0.232276320706197,1.77688091259824,0.242374521384521,3
984,1,0.479732228136861,-0.0515108802973263,0.854037200211277,-1.10767381903051,-0.122953769566537,1
985,1,-1.31748112338129,0.671755907133325,-0.00791265770541079,-0.0405299228076949,-1.15292358439719,2
986,1,-0.557526789410633,-0.129852176077981,1.77000499704273,-0.60220014967592,1.30650413559119,1
987,1,-1.59312409623294,-0.941849230625567,1.14717350127888,-1.00699566912863,-0.194947500896075,1
988,1,0.42656499523921,-1.22946070362817,0.419932260099685,-0.298188339181534,-0.294784879207929,2
989,1,-0.167932048921833,-0.499184473823178,-1.02051183793062,-1.19050941981918,-0.6193908235444,1
990,1,0.628838347373933,0.762676382455082,-1.6435615233332,1.3338709198566,0.210915845708882,3
991,1,0.485504723423093,1.43843616870262,0.310391748675095,0.477739958189719,-0.647470791913987,3
992,1,0.0114639060042453,1.05642463234189,-1.08807773520472,-0.0248911705394538,0.975143091264344,3
993,1,-0.63951193688239,0.303457733182009,0.371064312785826,0.652916130317729,0.848742677549207,3
994,1,-0.60814141946499,0.97853022579771,0.213035347372513,1.0549661231326,-0.384832445697751,3
995,1,0.1995445695996,-0.137865671707503,1.0849084959851,2.04793523040864,0.720074589347354,3
996,1,-1.15456391851562,-0.0961143335537748,-0.837600904918261,0.590591159356615,0.108410350671791,3
997,1,-1.56927425694438,1.46981855556515,0.688605593242837,1.67967828489772,0.623966651038665,3
998,1,2.23539142935988,-0.198829856017595,-1.27647096426681,-0.0279762562133902,0.131086569907574,3
999,1,1.11382814447252,-0.721576629685811,-1.26272699666582,-1.14372687648828,-1.68999681826631,1
1000,1,0.209521196434728,0.783564206923448,-0.723896478112047,0.329570200236502,0.769311836998723,3
